Price,Return on Equity,EPS,Book/Share,Next Price
34.3,28.52,0.56,2.20,34.41
34.41,28.52,0.56,2.20,34.09
34.09,28.52,0.56,2.20,33.97
33.97,28.52,0.56,2.20,34.01
34.01,28.52,0.56,2.20,33.7
33.7,28.52,0.56,2.20,33.7
33.7,28.52,0.56,2.20,33.6
33.6,28.52,0.56,2.20,33.54
33.54,28.52,0.56,2.20,32.87
32.87,28.52,0.56,2.20,32.25
32.25,28.52,0.56,2.20,32.8
32.8,28.52,0.56,2.20,32.57
32.57,28.52,0.56,2.20,32.71
32.71,28.52,0.56,2.20,32.61
32.61,28.52,0.56,2.20,32.06
32.06,28.52,0.56,2.20,32.37
32.37,28.52,0.56,2.20,31.99
31.99,28.52,0.56,2.20,32.0
32.0,28.52,0.56,2.20,32.0
32.0,28.52,0.56,2.20,32.19
32.19,28.52,0.56,2.20,31.61
31.61,28.52,0.56,2.20,31.83
31.83,28.52,0.56,2.20,32.0
32.0,28.52,0.56,2.20,32.57
32.57,28.52,0.56,2.20,32.67
32.67,28.52,0.56,2.20,32.66
32.66,28.52,0.56,2.20,32.59
32.59,28.52,0.56,2.20,32.98
32.98,28.52,0.56,2.20,32.94
32.94,28.52,0.56,2.20,33.83
33.83,28.52,0.56,2.20,32.77
32.77,28.52,0.56,2.20,32.49
32.49,28.52,0.56,2.20,32.75
32.75,28.52,0.56,2.20,33.0
33.0,28.52,0.56,2.20,33.27
33.27,28.52,0.56,2.20,33.28
33.28,28.52,0.56,2.20,32.11
32.11,28.52,0.56,2.20,31.75
31.75,28.52,0.56,2.20,31.44
31.44,28.52,0.56,2.20,30.72
30.72,28.52,0.56,2.20,30.69
30.69,28.52,0.56,2.20,30.83
30.83,28.52,0.56,2.20,30.78
30.78,28.52,0.56,2.20,31.74
31.74,28.52,0.56,2.20,31.76
31.76,28.52,0.56,2.20,32.14
32.14,28.52,0.56,2.20,31.67
31.67,28.52,0.56,2.20,32.0
32.0,28.52,0.56,2.20,31.7
31.7,28.52,0.56,2.20,31.75
31.75,28.52,0.56,2.20,31.85
31.85,28.52,0.56,2.20,32.06
32.06,28.52,0.56,2.20,32.09
32.09,28.52,0.56,2.20,32.59
32.59,28.52,0.56,2.20,33.22
33.22,28.52,0.56,2.20,33.34
33.34,28.52,0.56,2.20,33.63
33.63,28.52,0.56,2.20,33.48
33.48,28.52,0.56,2.20,33.71
33.71,28.52,0.56,2.20,33.69
33.69,28.52,0.56,2.20,33.96
33.96,28.52,0.56,2.20,34.55
34.55,28.52,0.56,2.20,34.81
34.81,28.52,0.56,2.20,34.71
34.71,28.52,0.56,2.20,35.06
35.06,28.52,0.56,2.20,34.91
34.91,28.52,0.56,2.20,34.62
34.62,28.52,0.56,2.20,34.87
34.87,28.52,0.56,2.20,34.47
34.47,28.52,0.56,2.20,34.98
34.98,28.52,0.56,2.20,35.56
35.56,28.52,0.56,2.20,35.48
35.48,28.52,0.56,2.20,35.24
35.24,28.52,0.56,2.20,35.48
35.48,28.52,0.56,2.20,35.4
35.4,28.52,0.56,2.20,35.34
35.34,28.52,0.56,2.20,35.17
35.17,28.52,0.56,2.20,35.07
35.07,28.52,0.56,2.20,34.71
34.71,28.52,0.56,2.20,34.37
34.37,28.52,0.56,2.20,35.99
35.99,28.52,0.56,2.20,36.38
36.38,28.52,0.56,2.20,36.45
36.45,28.52,0.56,2.20,37.0
37.0,28.52,0.56,2.20,37.23
37.23,28.52,0.56,2.20,37.34
37.34,28.52,0.56,2.20,37.44
37.44,28.52,0.56,2.20,36.01
36.01,28.52,0.56,2.20,36.21
36.21,28.52,0.56,2.20,35.91
35.91,28.52,0.56,2.20,37.78
37.78,28.52,0.56,2.20,37.82
37.82,28.52,0.56,2.20,37.63
37.63,28.52,0.56,2.20,38.0
38.0,28.52,0.56,2.20,38.32
38.32,28.52,0.56,2.20,38.54
38.54,28.52,0.56,2.20,38.58
38.58,28.52,0.56,2.20,37.68
37.68,28.52,0.56,2.20,38.37
38.37,28.52,0.56,2.20,38.32
38.32,28.52,0.56,2.20,38.29
38.29,28.52,0.56,2.20,38.17
38.17,28.52,0.56,2.20,38.28
38.28,28.52,0.56,2.20,38.49
38.49,28.52,0.56,2.20,38.47
38.47,28.52,0.56,2.20,38.37
38.37,28.52,0.56,2.20,37.26
37.26,28.52,0.56,2.20,37.53
37.53,28.52,0.56,2.20,37.71
37.71,28.52,0.56,2.20,37.47
37.47,28.52,0.56,2.20,38.47
38.47,28.52,0.56,2.20,38.85
38.85,28.52,0.56,2.20,38.72
38.72,28.52,0.56,2.20,38.9
38.9,28.52,0.56,2.20,39.31
39.31,28.52,0.56,2.20,38.74
38.74,28.52,0.56,2.20,39.14
39.14,28.52,0.56,2.20,38.65
38.65,28.52,0.56,2.20,38.48
38.48,28.52,0.56,2.20,38.4
38.4,28.52,0.56,2.20,38.49
38.49,28.52,0.56,2.20,38.48
38.48,28.52,0.56,2.20,38.44
38.44,28.52,0.56,2.20,39.2
39.2,28.52,0.56,2.20,39.68
39.68,28.52,0.56,2.20,39.57
39.57,28.52,0.56,2.20,39.82
39.82,28.52,0.56,2.20,39.88
39.88,28.52,0.56,2.20,39.7
39.7,28.52,0.56,2.20,39.89
39.89,28.52,0.56,2.20,40.4
40.4,28.52,0.56,2.20,39.96
39.96,28.52,0.56,2.20,39.84
39.84,28.52,0.56,2.20,39.8
39.8,28.52,0.56,2.20,39.62
39.62,28.52,0.56,2.20,39.88
39.88,28.52,0.56,2.20,39.38
39.38,28.52,0.56,2.20,39.83
39.83,28.52,0.56,2.20,39.19
39.19,28.52,0.56,2.20,39.15
39.15,28.52,0.56,2.20,38.44
38.44,28.52,0.56,2.20,37.64
37.64,28.52,0.56,2.20,38.09
38.09,28.52,0.56,2.20,38.15
38.15,28.52,0.56,2.20,38.16
38.16,28.52,0.56,2.20,38.62
38.62,28.52,0.56,2.20,37.98
37.98,28.52,0.56,2.20,38.31
38.31,28.52,0.56,2.20,38.3
38.3,28.52,0.56,2.20,38.48
38.48,28.52,0.56,2.20,35.89
35.89,28.52,0.56,2.20,35.75
35.75,28.52,0.56,2.20,36.33
36.33,28.52,0.56,2.20,36.33
36.33,28.52,0.56,2.20,32.39
32.39,28.52,0.56,2.20,32.78
32.78,28.52,0.56,2.20,33.83
33.83,28.52,0.56,2.20,33.6
33.6,28.52,0.56,2.20,33.94
33.94,28.52,0.56,2.20,34.38
34.38,28.52,0.56,2.20,34.64
34.64,28.52,0.56,2.20,35.2
35.2,28.52,0.56,2.20,35.14
35.14,28.52,0.56,2.20,34.67
34.67,28.52,0.56,2.20,35.62
35.62,28.52,0.56,2.20,35.83
35.83,28.52,0.56,2.20,36.4
36.4,28.52,0.56,2.20,36.46
36.46,28.52,0.56,2.20,36.16
36.16,28.52,0.56,2.20,36.58
36.58,28.52,0.56,2.20,36.28
36.28,28.52,0.56,2.20,36.1
36.1,28.52,0.56,2.20,36.31
36.31,28.52,0.56,2.20,36.29
36.29,28.52,0.56,2.20,36.34
36.34,28.52,0.56,2.20,36.16
36.16,28.52,0.56,2.20,36.03
36.03,28.52,0.56,2.20,37.2
37.2,28.52,0.56,2.20,37.26
37.26,28.52,0.56,2.20,37.02
37.02,28.52,0.56,2.20,36.91
36.91,28.52,0.56,2.20,36.56
36.56,28.52,0.56,2.20,36.77
36.77,28.52,0.56,2.20,36.93
36.93,28.52,0.56,2.20,36.98
36.98,28.52,0.56,2.20,36.88
36.88,28.52,0.56,2.20,37.01
37.01,28.52,0.56,2.20,37.0
37.0,28.52,0.56,2.20,36.83
36.83,28.52,0.56,2.20,37.2
37.2,28.52,0.56,2.20,37.79
37.79,28.52,0.56,2.20,37.89
37.89,28.52,0.56,2.20,38.16
38.16,28.52,0.56,2.20,37.87
37.87,28.52,0.56,2.20,37.29
37.29,28.52,0.56,2.20,37.61
37.61,28.52,0.56,2.20,38.18
38.18,28.52,0.56,2.20,38.3
38.3,28.52,0.56,2.20,38.37
38.37,28.52,0.56,2.20,38.43
38.43,28.52,0.56,2.20,37.3
37.3,28.52,0.56,2.20,36.6
36.6,28.52,0.56,2.20,37.33
37.33,28.52,0.56,2.20,36.9
36.9,28.52,0.56,2.20,36.24
36.24,28.52,0.56,2.20,36.03
36.03,28.52,0.56,2.20,36.03
36.03,28.52,0.56,2.20,35.86
35.86,28.52,0.56,2.20,36.85
36.85,28.52,0.56,2.20,36.26
36.26,28.52,0.56,2.20,36.02
36.02,28.52,0.56,2.20,35.69
35.69,28.52,0.56,2.20,36.13
36.13,28.52,0.56,2.20,35.09
35.09,28.52,0.56,2.20,34.98
34.98,28.52,0.56,2.20,33.39
33.39,28.52,0.56,2.20,33.51
33.51,28.52,0.56,2.20,33.91
33.91,28.52,0.56,2.20,34.2
34.2,28.52,0.56,2.20,33.7
33.7,28.52,0.56,2.20,36.72
36.72,28.52,0.56,2.20,35.8
35.8,28.52,0.56,2.20,36.51
36.51,28.52,0.56,2.20,36.7
36.7,28.52,0.56,2.20,36.91
36.91,28.52,0.56,2.20,36.54
36.54,28.52,0.56,2.20,36.83
36.83,28.52,0.56,2.20,37.95
37.95,28.52,0.56,2.20,37.47
37.47,28.52,0.56,2.20,37.83
37.83,28.52,0.56,2.20,37.75
37.75,28.52,0.56,2.20,37.48
37.48,28.52,0.56,2.20,37.84
37.84,28.52,0.56,2.20,37.95
37.95,28.52,0.56,2.20,38.01
38.01,28.52,0.56,2.20,37.89
37.89,28.52,0.56,2.20,36.47
36.47,28.52,0.56,2.20,37.09
37.09,28.52,0.56,2.20,36.96
36.96,28.52,0.56,2.20,36.31
36.31,28.52,0.56,2.20,35.44
35.44,28.52,0.56,2.20,35.11
35.11,28.52,0.56,2.20,35.5
35.5,28.52,0.56,2.20,36.42
36.42,28.52,0.56,2.20,37.19
37.19,28.52,0.56,2.20,36.98
36.98,28.52,0.56,2.20,37.47
37.47,28.52,0.56,2.20,37.14
37.14,28.52,0.56,2.20,37.49
37.49,28.52,0.56,2.20,36.74
36.74,28.52,0.56,2.20,36.3
36.3,27.19,0.97,3.39,35.94
35.94,27.19,0.97,3.39,34.77
34.77,27.19,0.97,3.39,35.34
35.34,27.19,0.97,3.39,35.29
35.29,27.19,0.97,3.39,35.38
35.38,27.19,0.97,3.39,36.97
36.97,27.19,0.97,3.39,36.0
36.0,27.19,0.97,3.39,36.64
36.64,27.19,0.97,3.39,35.99
35.99,27.19,0.97,3.39,35.67
35.67,27.19,0.97,3.39,35.35
35.35,27.19,0.97,3.39,33.66
33.66,27.19,0.97,3.39,32.84
32.84,27.19,0.97,3.39,33.43
33.43,27.19,0.97,3.39,33.6
33.6,27.19,0.97,3.39,33.19
33.19,27.19,0.97,3.39,33.52
33.52,27.19,0.97,3.39,33.48
33.48,27.19,0.97,3.39,34.18
34.18,27.19,0.97,3.39,33.86
33.86,27.19,0.97,3.39,34.46
34.46,27.19,0.97,3.39,34.46
34.46,27.19,0.97,3.39,33.59
33.59,27.19,0.97,3.39,33.63
33.63,27.19,0.97,3.39,32.42
32.42,27.19,0.97,3.39,32.0
32.0,27.19,0.97,3.39,31.86
31.86,27.19,0.97,3.39,31.85
31.85,27.19,0.97,3.39,32.68
32.68,27.19,0.97,3.39,31.54
31.54,27.19,0.97,3.39,30.65
30.65,27.19,0.97,3.39,30.93
30.93,27.19,0.97,3.39,31.53
31.53,27.19,0.97,3.39,31.61
31.61,27.19,0.97,3.39,31.41
31.41,27.19,0.97,3.39,31.5
31.5,27.19,0.97,3.39,31.87
31.87,27.19,0.97,3.39,32.03
32.03,27.19,0.97,3.39,31.65
31.65,27.19,0.97,3.39,30.61
30.61,27.19,0.97,3.39,30.74
30.74,27.19,0.97,3.39,30.51
30.51,27.19,0.97,3.39,30.6
30.6,27.19,0.97,3.39,30.14
30.14,27.19,0.97,3.39,30.07
30.07,27.19,0.97,3.39,29.54
29.54,27.19,0.97,3.39,30.34
30.34,27.19,0.97,3.39,30.43
30.43,27.19,0.97,3.39,30.5
30.5,27.19,0.97,3.39,29.64
29.64,27.19,0.97,3.39,29.67
29.67,27.19,0.97,3.39,30.47
30.47,27.19,0.97,3.39,29.35
29.35,27.19,0.97,3.39,29.66
29.66,27.19,0.97,3.39,30.35
30.35,27.19,0.97,3.39,30.32
30.32,27.19,0.97,3.39,29.99
29.99,27.19,0.97,3.39,29.22
29.22,27.19,0.97,3.39,29.58
29.58,27.19,0.97,3.39,29.83
29.83,27.19,0.97,3.39,30.89
30.89,27.19,0.97,3.39,31.23
31.23,27.19,0.97,3.39,31.47
31.47,27.19,0.97,3.39,31.71
31.71,27.19,0.97,3.39,31.57
31.57,27.19,0.97,3.39,31.51
31.51,27.19,0.97,3.39,31.06
31.06,27.19,0.97,3.39,30.94
30.94,27.19,0.97,3.39,30.13
30.13,27.19,0.97,3.39,30.25
30.25,27.19,0.97,3.39,29.15
29.15,27.19,0.97,3.39,30.4
30.4,27.19,0.97,3.39,30.09
30.09,27.19,0.97,3.39,30.97
30.97,27.19,0.97,3.39,30.66
30.66,27.19,0.97,3.39,30.15
30.15,27.19,0.97,3.39,31.04
31.04,27.19,0.97,3.39,31.44
31.44,27.19,0.97,3.39,31.53
31.53,27.19,0.97,3.39,30.66
30.66,27.19,0.97,3.39,30.56
30.56,27.19,0.97,3.39,30.21
30.21,27.19,0.97,3.39,31.1
31.1,27.19,0.97,3.39,32.07
32.07,27.19,0.97,3.39,31.62
31.62,27.19,0.97,3.39,31.82
31.82,27.19,0.97,3.39,31.75
31.75,27.19,0.97,3.39,31.98
31.98,27.19,0.97,3.39,31.9
31.9,27.19,0.97,3.39,32.37
32.37,27.19,0.97,3.39,32.23
32.23,27.19,0.97,3.39,32.53
32.53,27.19,0.97,3.39,35.34
35.34,27.19,0.97,3.39,35.09
35.09,27.19,0.97,3.39,36.24
36.24,27.19,0.97,3.39,35.62
35.62,27.19,0.97,3.39,35.7
35.7,27.19,0.97,3.39,36.02
36.02,27.19,0.97,3.39,35.93
35.93,27.19,0.97,3.39,36.42
36.42,27.19,0.97,3.39,36.95
36.95,27.19,0.97,3.39,37.13
37.13,27.19,0.97,3.39,37.39
37.39,27.19,0.97,3.39,36.9
36.9,27.19,0.97,3.39,36.88
36.88,27.19,0.97,3.39,36.99
36.99,27.19,0.97,3.39,37.65
37.65,27.19,0.97,3.39,36.51
36.51,27.19,0.97,3.39,36.92
36.92,27.19,0.97,3.39,36.75
36.75,27.19,0.97,3.39,36.25
36.25,27.19,0.97,3.39,36.89
36.89,27.19,0.97,3.39,37.31
37.31,27.19,0.97,3.39,37.35
37.35,27.19,0.97,3.39,37.41
37.41,27.19,0.97,3.39,37.38
37.38,27.19,0.97,3.39,37.9
37.9,27.19,0.97,3.39,37.57
37.57,27.19,0.97,3.39,37.08
37.08,27.19,0.97,3.39,36.63
36.63,27.19,0.97,3.39,36.94
36.94,27.19,0.97,3.39,35.7
35.7,27.19,0.97,3.39,35.59
35.59,27.19,0.97,3.39,35.54
35.54,27.19,0.97,3.39,35.57
35.57,27.19,0.97,3.39,35.36
35.36,27.19,0.97,3.39,34.73
34.73,27.19,0.97,3.39,35.07
35.07,27.19,0.97,3.39,35.93
35.93,27.19,0.97,3.39,35.09
35.09,27.19,0.97,3.39,35.37
35.37,27.19,0.97,3.39,35.69
35.69,27.19,0.97,3.39,35.14
35.14,27.19,0.97,3.39,34.83
34.83,27.19,0.97,3.39,35.12
35.12,27.19,0.97,3.39,35.14
35.14,27.19,0.97,3.39,35.57
35.57,27.19,0.97,3.39,35.33
35.33,27.19,0.97,3.39,35.13
35.13,27.19,0.97,3.39,36.0
36.0,27.19,0.97,3.39,35.69
35.69,27.19,0.97,3.39,36.21
36.21,27.19,0.97,3.39,35.83
35.83,27.19,0.97,3.39,36.13
36.13,27.19,0.97,3.39,36.71
36.71,27.19,0.97,3.39,36.06
36.06,27.19,0.97,3.39,35.86
35.86,27.19,0.97,3.39,35.34
35.34,27.19,0.97,3.39,36.09
36.09,27.19,0.97,3.39,36.64
36.64,27.19,0.97,3.39,36.29
36.29,27.19,0.97,3.39,37.0
37.0,27.19,0.97,3.39,37.0
37.0,27.19,0.97,3.39,36.97
36.97,27.19,0.97,3.39,36.55
36.55,27.19,0.97,3.39,36.18
36.18,27.19,0.97,3.39,36.37
36.37,27.19,0.97,3.39,35.78
35.78,27.19,0.97,3.39,35.25
35.25,27.19,0.97,3.39,34.8
34.8,27.19,0.97,3.39,34.63
34.63,27.19,0.97,3.39,35.38
35.38,27.19,0.97,3.39,34.78
34.78,27.19,0.97,3.39,34.71
34.71,27.19,0.97,3.39,34.74
34.74,27.19,0.97,3.39,35.51
35.51,27.19,0.97,3.39,34.76
34.76,27.19,0.97,3.39,34.49
34.49,27.19,0.97,3.39,33.81
33.81,27.19,0.97,3.39,32.18
32.18,27.19,0.97,3.39,32.79
32.79,27.19,0.97,3.39,32.97
32.97,27.19,0.97,3.39,32.06
32.06,27.19,0.97,3.39,31.89
31.89,27.19,0.97,3.39,31.94
31.94,27.19,0.97,3.39,32.05
32.05,27.19,0.97,3.39,30.83
30.83,27.19,0.97,3.39,31.22
31.22,27.19,0.97,3.39,29.75
29.75,27.19,0.97,3.39,31.37
31.37,27.19,0.97,3.39,32.91
32.91,27.19,0.97,3.39,31.12
31.12,27.19,0.97,3.39,30.86
30.86,27.19,0.97,3.39,30.74
30.74,27.19,0.97,3.39,30.78
30.78,27.19,0.97,3.39,30.93
30.93,27.19,0.97,3.39,29.07
29.07,27.19,0.97,3.39,29.66
29.66,27.19,0.97,3.39,29.67
29.67,27.19,0.97,3.39,28.14
28.14,27.19,0.97,3.39,28.28
28.28,27.19,0.97,3.39,26.99
26.99,27.19,0.97,3.39,25.11
25.11,27.19,0.97,3.39,24.98
24.98,27.19,0.97,3.39,22.76
22.76,27.19,0.97,3.39,22.48
22.48,27.19,0.97,3.39,25.6
25.6,27.19,0.97,3.39,24.61
24.61,27.19,0.97,3.39,22.15
22.15,27.19,0.97,3.39,23.22
23.22,27.19,0.97,3.39,22.61
22.61,27.19,0.97,3.39,23.85
23.85,27.19,0.97,3.39,22.73
22.73,27.19,0.97,3.39,21.24
21.24,27.19,0.97,3.39,20.72
20.72,27.19,0.97,3.39,19.75
19.75,27.19,0.97,3.39,18.92
18.92,27.19,0.97,3.39,21.15
21.15,27.19,0.97,3.39,21.3
21.3,27.19,0.97,3.39,22.53
22.53,27.19,0.97,3.39,22.19
22.19,27.19,0.97,3.39,23.0
23.0,27.19,0.97,3.39,24.64
24.64,27.19,0.97,3.39,23.26
23.26,27.19,0.97,3.39,21.43
21.43,27.19,0.97,3.39,21.84
21.84,27.19,0.97,3.39,21.71
21.71,27.19,0.97,3.39,20.94
20.94,27.19,0.97,3.39,19.37
19.37,27.19,0.97,3.39,20.97
20.97,27.19,0.97,3.39,20.75
20.75,27.19,0.97,3.39,19.12
19.12,27.19,0.97,3.39,19.0
19.0,27.19,0.97,3.39,17.64
17.64,27.19,0.97,3.39,16.2
16.2,27.19,0.97,3.39,17.29
17.29,27.19,0.97,3.39,18.61
18.61,27.19,0.97,3.39,18.55
18.55,27.19,0.97,3.39,18.69
18.69,27.19,0.97,3.39,18.83
18.83,27.19,0.97,3.39,17.26
17.26,27.19,0.97,3.39,17.64
17.64,27.19,0.97,3.39,18.2
18.2,27.19,0.97,3.39,17.51
17.51,27.19,0.97,3.39,17.26
17.26,27.19,0.97,3.39,17.24
17.24,27.19,0.97,3.39,17.93
17.93,27.19,0.97,3.39,18.19
18.19,27.19,0.97,3.39,18.13
18.13,27.19,0.97,3.39,17.39
17.39,27.19,0.97,3.39,16.48
16.48,27.19,0.97,3.39,16.32
16.32,27.19,0.97,3.39,16.33
16.33,27.19,0.97,3.39,16.28
16.28,27.19,0.97,3.39,16.28
16.28,27.19,0.97,3.39,15.81
15.81,27.19,0.97,3.39,15.62
15.62,27.19,0.97,3.39,15.58
15.58,27.19,0.97,3.39,15.45
15.45,27.19,0.97,3.39,14.99
14.99,27.19,0.97,3.39,14.88
14.88,27.19,0.97,3.39,15.63
15.63,27.19,0.97,3.39,16.24
16.24,31.27,1.30,5.02,16.79
16.79,31.27,1.30,5.02,18.13
18.13,31.27,1.30,5.02,18.23
18.23,31.27,1.30,5.02,18.35
18.35,31.27,1.30,5.02,18.52
18.52,31.27,1.30,5.02,18.52
18.52,31.27,1.30,5.02,19.06
19.06,31.27,1.30,5.02,18.45
18.45,31.27,1.30,5.02,19.12
19.12,31.27,1.30,5.02,19.51
19.51,31.27,1.30,5.02,18.55
18.55,31.27,1.30,5.02,19.26
19.26,31.27,1.30,5.02,18.9
18.9,31.27,1.30,5.02,18.64
18.64,31.27,1.30,5.02,18.91
18.91,31.27,1.30,5.02,18.7
18.7,31.27,1.30,5.02,18.96
18.96,31.27,1.30,5.02,18.57
18.57,31.27,1.30,5.02,18.08
18.08,31.27,1.30,5.02,18.03
18.03,31.27,1.30,5.02,18.21
18.21,31.27,1.30,5.02,18.48
18.48,31.27,1.30,5.02,19.32
19.32,31.27,1.30,5.02,19.3
19.3,31.27,1.30,5.02,19.04
19.04,31.27,1.30,5.02,18.26
18.26,31.27,1.30,5.02,18.37
18.37,31.27,1.30,5.02,18.63
18.63,31.27,1.30,5.02,18.47
18.47,31.27,1.30,5.02,17.65
17.65,31.27,1.30,5.02,16.05
16.05,31.27,1.30,5.02,15.56
15.56,31.27,1.30,5.02,15.18
15.18,31.27,1.30,5.02,14.28
14.28,31.27,1.30,5.02,14.91
14.91,31.27,1.30,5.02,14.66
14.66,31.27,1.30,5.02,14.21
14.21,31.27,1.30,5.02,13.87
13.87,31.27,1.30,5.02,12.68
12.68,31.27,1.30,5.02,12.68
12.68,31.27,1.30,5.02,13.31
13.31,31.27,1.30,5.02,12.54
12.54,31.27,1.30,5.02,12.65
12.65,31.27,1.30,5.02,12.44
12.44,31.27,1.30,5.02,13.43
13.43,31.27,1.30,5.02,13.53
13.53,31.27,1.30,5.02,13.81
13.81,31.27,1.30,5.02,13.99
13.99,31.27,1.30,5.02,13.76
13.76,31.27,1.30,5.02,14.42
14.42,31.27,1.30,5.02,14.53
14.53,31.27,1.30,5.02,14.74
14.74,31.27,1.30,5.02,14.43
14.43,31.27,1.30,5.02,15.89
15.89,31.27,1.30,5.02,15.79
15.79,31.27,1.30,5.02,15.96
15.96,31.27,1.30,5.02,17.14
17.14,31.27,1.30,5.02,16.21
16.21,31.27,1.30,5.02,15.39
15.39,31.27,1.30,5.02,15.37
15.37,31.27,1.30,5.02,16.0
16.0,31.27,1.30,5.02,16.32
16.32,31.27,1.30,5.02,16.46
16.46,31.27,1.30,5.02,15.98
15.98,31.27,1.30,5.02,15.6
15.6,31.27,1.30,5.02,16.2
16.2,31.27,1.30,5.02,17.0
17.0,31.27,1.30,5.02,16.68
16.68,31.27,1.30,5.02,16.52
16.52,31.27,1.30,5.02,16.36
16.36,31.27,1.30,5.02,16.82
16.82,31.27,1.30,5.02,17.01
17.01,31.27,1.30,5.02,16.42
16.42,31.27,1.30,5.02,16.6
16.6,31.27,1.30,5.02,16.76
16.76,31.27,1.30,5.02,16.4
16.4,31.27,1.30,5.02,16.9
16.9,31.27,1.30,5.02,16.92
16.92,31.27,1.30,5.02,17.04
17.04,31.27,1.30,5.02,18.03
18.03,31.27,1.30,5.02,18.26
18.26,31.27,1.30,5.02,18.81
18.81,31.27,1.30,5.02,19.42
19.42,31.27,1.30,5.02,18.73
18.73,31.27,1.30,5.02,19.23
19.23,31.27,1.30,5.02,18.77
18.77,31.27,1.30,5.02,19.34
19.34,31.27,1.30,5.02,18.84
18.84,31.27,1.30,5.02,18.99
18.99,31.27,1.30,5.02,18.05
18.05,31.27,1.30,5.02,18.33
18.33,31.27,1.30,5.02,17.65
17.65,31.27,1.30,5.02,17.87
17.87,31.27,1.30,5.02,18.37
18.37,31.27,1.30,5.02,18.64
18.64,31.27,1.30,5.02,17.68
17.68,31.27,1.30,5.02,17.69
17.69,31.27,1.30,5.02,18.05
18.05,31.27,1.30,5.02,17.89
17.89,31.27,1.30,5.02,17.98
17.98,31.27,1.30,5.02,18.23
18.23,31.27,1.30,5.02,18.88
18.88,31.27,1.30,5.02,19.55
19.55,31.27,1.30,5.02,19.33
19.33,31.27,1.30,5.02,20.04
20.04,31.27,1.30,5.02,19.9
19.9,31.27,1.30,5.02,19.64
19.64,31.27,1.30,5.02,19.72
19.72,31.27,1.30,5.02,19.45
19.45,31.27,1.30,5.02,19.72
19.72,31.27,1.30,5.02,19.36
19.36,31.27,1.30,5.02,18.89
18.89,31.27,1.30,5.02,18.57
18.57,31.27,1.30,5.02,18.38
18.38,31.27,1.30,5.02,18.72
18.72,31.27,1.30,5.02,18.89
18.89,31.27,1.30,5.02,18.4
18.4,31.27,1.30,5.02,18.55
18.55,31.27,1.30,5.02,19.01
19.01,31.27,1.30,5.02,19.96
19.96,31.27,1.30,5.02,20.38
20.38,31.27,1.30,5.02,20.43
20.43,31.27,1.30,5.02,20.31
20.31,31.27,1.30,5.02,20.62
20.62,31.27,1.30,5.02,19.72
19.72,31.27,1.30,5.02,19.55
19.55,31.27,1.30,5.02,18.99
18.99,31.27,1.30,5.02,18.81
18.81,31.27,1.30,5.02,18.88
18.88,31.27,1.30,5.02,18.96
18.96,31.27,1.30,5.02,19.39
19.39,31.27,1.30,5.02,19.49
19.49,31.27,1.30,5.02,20.56
20.56,31.27,1.30,5.02,20.83
20.83,31.27,1.30,5.02,20.96
20.96,31.27,1.30,5.02,21.56
21.56,31.27,1.30,5.02,21.48
21.48,31.27,1.30,5.02,21.5
21.5,31.27,1.30,5.02,22.12
22.12,31.27,1.30,5.02,22.27
22.27,31.27,1.30,5.02,22.66
22.66,31.27,1.30,5.02,23.29
23.29,31.27,1.30,5.02,22.63
22.63,31.27,1.30,5.02,23.16
23.16,31.27,1.30,5.02,23.22
23.22,31.27,1.30,5.02,23.95
23.95,31.27,1.30,5.02,24.17
24.17,31.27,1.30,5.02,23.53
23.53,31.27,1.30,5.02,23.27
23.27,31.27,1.30,5.02,23.73
23.73,31.27,1.30,5.02,23.83
23.83,31.27,1.30,5.02,23.89
23.89,31.27,1.30,5.02,24.38
24.38,31.27,1.30,5.02,24.59
24.59,31.27,1.30,5.02,24.04
24.04,31.27,1.30,5.02,23.56
23.56,31.27,1.30,5.02,25.41
25.41,31.27,1.30,5.02,25.25
25.25,31.27,1.30,5.02,25.32
25.32,31.27,1.30,5.02,25.55
25.55,31.27,1.30,5.02,25.5
25.5,31.27,1.30,5.02,25.34
25.34,31.27,1.30,5.02,25.48
25.48,31.27,1.30,5.02,25.54
25.54,31.27,1.30,5.02,25.83
25.83,31.27,1.30,5.02,25.68
25.68,31.27,1.30,5.02,25.85
25.85,31.27,1.30,5.02,25.22
25.22,31.27,1.30,5.02,25.29
25.29,31.27,1.30,5.02,25.86
25.86,31.27,1.30,5.02,26.41
26.41,31.27,1.30,5.02,27.15
27.15,31.27,1.30,5.02,27.86
27.86,31.27,1.30,5.02,28.05
28.05,31.27,1.30,5.02,28.1
28.1,31.27,1.30,5.02,28.32
28.32,31.27,1.30,5.02,28.63
28.63,31.27,1.30,5.02,28.49
28.49,31.27,1.30,5.02,28.37
28.37,31.27,1.30,5.02,28.81
28.81,31.27,1.30,5.02,28.53
28.53,31.27,1.30,5.02,28.27
28.27,31.27,1.30,5.02,27.83
27.83,31.27,1.30,5.02,27.58
27.58,31.27,1.30,5.02,27.89
27.89,31.27,1.30,5.02,27.9
27.9,31.27,1.30,5.02,27.83
27.83,31.27,1.30,5.02,26.61
26.61,31.27,1.30,5.02,26.31
26.31,31.27,1.30,5.02,26.82
26.82,31.27,1.30,5.02,27.22
27.22,31.27,1.30,5.02,27.1
27.1,31.27,1.30,5.02,27.4
27.4,31.27,1.30,5.02,27.47
27.47,31.27,1.30,5.02,27.46
27.46,31.27,1.30,5.02,27.29
27.29,31.27,1.30,5.02,27.59
27.59,31.27,1.30,5.02,27.62
27.62,31.27,1.30,5.02,27.21
27.21,31.27,1.30,5.02,27.4
27.4,31.27,1.30,5.02,26.47
26.47,31.27,1.30,5.02,26.88
26.88,31.27,1.30,5.02,26.87
26.87,31.27,1.30,5.02,26.2
26.2,31.27,1.30,5.02,25.71
25.71,31.27,1.30,5.02,25.73
25.73,31.27,1.30,5.02,25.32
25.32,31.27,1.30,5.02,25.73
25.73,31.27,1.30,5.02,24.74
24.74,31.27,1.30,5.02,25.07
25.07,31.27,1.30,5.02,25.03
25.03,31.27,1.30,5.02,25.05
25.05,31.27,1.30,5.02,26.13
26.13,31.27,1.30,5.02,26.17
26.17,31.27,1.30,5.02,26.96
26.96,31.27,1.30,5.02,27.0
27.0,31.27,1.30,5.02,27.46
27.46,31.27,1.30,5.02,27.43
27.43,31.27,1.30,5.02,28.61
28.61,31.27,1.30,5.02,29.37
29.37,31.27,1.30,5.02,29.63
29.63,31.27,1.30,5.02,29.46
29.46,31.27,1.30,5.02,29.13
29.13,31.27,1.30,5.02,28.91
28.91,31.27,1.30,5.02,29.28
29.28,31.27,1.30,5.02,29.24
29.24,31.27,1.30,5.02,29.54
29.54,31.27,1.30,5.02,28.85
28.85,31.27,1.30,5.02,28.92
28.92,31.27,1.30,5.02,29.44
29.44,31.27,1.30,5.02,29.49
29.49,31.27,1.30,5.02,29.7
29.7,31.27,1.30,5.02,29.86
29.86,31.27,1.30,5.02,29.88
29.88,31.27,1.30,5.02,29.59
29.59,31.27,1.30,5.02,29.25
29.25,31.27,1.30,5.02,29.69
29.69,31.27,1.30,5.02,29.64
29.64,31.27,1.30,5.02,29.97
29.97,31.27,1.30,5.02,29.9
29.9,31.27,1.30,5.02,29.77
29.77,31.27,1.30,5.02,29.44
29.44,31.27,1.30,5.02,29.4
29.4,31.27,1.30,5.02,29.91
29.91,31.27,1.30,5.02,30.18
30.18,31.27,1.30,5.02,30.3
30.3,31.27,1.30,5.02,30.33
30.33,31.27,1.30,5.02,30.4
30.4,31.27,1.30,5.02,30.33
30.33,31.27,1.30,5.02,31.1
31.1,31.27,1.30,5.02,31.07
31.07,31.27,1.30,5.02,31.3
31.3,35.28,2.16,7.45,30.96
30.96,35.28,2.16,7.45,30.85
30.85,35.28,2.16,7.45,30.81
30.81,35.28,2.16,7.45,30.8
30.8,35.28,2.16,7.45,30.82
30.82,35.28,2.16,7.45,30.45
30.45,35.28,2.16,7.45,30.69
30.69,35.28,2.16,7.45,31.15
31.15,35.28,2.16,7.45,30.43
30.43,35.28,2.16,7.45,30.8
30.8,35.28,2.16,7.45,30.63
30.63,35.28,2.16,7.45,30.52
30.52,35.28,2.16,7.45,29.17
29.17,35.28,2.16,7.45,29.45
29.45,35.28,2.16,7.45,29.29
29.29,35.28,2.16,7.45,29.17
29.17,35.28,2.16,7.45,28.69
28.69,35.28,2.16,7.45,28.03
28.03,35.28,2.16,7.45,29.13
29.13,35.28,2.16,7.45,29.5
29.5,35.28,2.16,7.45,29.54
29.54,35.28,2.16,7.45,29.07
29.07,35.28,2.16,7.45,29.17
29.17,35.28,2.16,7.45,29.2
29.2,35.28,2.16,7.45,29.41
29.41,35.28,2.16,7.45,29.25
29.25,35.28,2.16,7.45,29.36
29.36,35.28,2.16,7.45,29.98
29.98,35.28,2.16,7.45,30.25
30.25,35.28,2.16,7.45,30.63
30.63,35.28,2.16,7.45,30.98
30.98,35.28,2.16,7.45,31.2
31.2,35.28,2.16,7.45,31.15
31.15,35.28,2.16,7.45,30.85
30.85,35.28,2.16,7.45,31.23
31.23,35.28,2.16,7.45,31.09
31.09,35.28,2.16,7.45,31.46
31.46,35.28,2.16,7.45,32.09
32.09,35.28,2.16,7.45,32.36
32.36,35.28,2.16,7.45,32.44
32.44,35.28,2.16,7.45,32.26
32.26,35.28,2.16,7.45,33.16
33.16,35.28,2.16,7.45,33.0
33.0,35.28,2.16,7.45,33.27
33.27,35.28,2.16,7.45,33.66
33.66,35.28,2.16,7.45,33.58
33.58,35.28,2.16,7.45,33.42
33.42,35.28,2.16,7.45,33.31
33.31,35.28,2.16,7.45,33.42
33.42,35.28,2.16,7.45,33.38
33.38,35.28,2.16,7.45,33.46
33.46,35.28,2.16,7.45,33.42
33.42,35.28,2.16,7.45,33.72
33.72,35.28,2.16,7.45,34.11
34.11,35.28,2.16,7.45,33.9
33.9,35.28,2.16,7.45,34.55
34.55,35.28,2.16,7.45,34.31
34.31,35.28,2.16,7.45,34.4
34.4,35.28,2.16,7.45,34.62
34.62,35.28,2.16,7.45,34.39
34.39,35.28,2.16,7.45,34.55
34.55,35.28,2.16,7.45,34.82
34.82,35.28,2.16,7.45,34.56
34.56,35.28,2.16,7.45,34.29
34.29,35.28,2.16,7.45,33.99
33.99,35.28,2.16,7.45,34.23
34.23,35.28,2.16,7.45,34.21
34.21,35.28,2.16,7.45,33.9
33.9,35.28,2.16,7.45,34.41
34.41,35.28,2.16,7.45,35.63
35.63,35.28,2.16,7.45,35.27
35.27,35.28,2.16,7.45,35.16
35.16,35.28,2.16,7.45,36.29
36.29,35.28,2.16,7.45,36.13
36.13,35.28,2.16,7.45,36.44
36.44,35.28,2.16,7.45,36.64
36.64,35.28,2.16,7.45,36.82
36.82,35.28,2.16,7.45,36.22
36.22,35.28,2.16,7.45,36.64
36.64,35.28,2.16,7.45,37.23
37.23,35.28,2.16,7.45,36.26
36.26,35.28,2.16,7.45,36.77
36.77,35.28,2.16,7.45,35.36
35.36,35.28,2.16,7.45,34.76
34.76,35.28,2.16,7.45,33.28
33.28,35.28,2.16,7.45,31.87
31.87,35.28,2.16,7.45,34.19
34.19,35.28,2.16,7.45,34.07
34.07,35.28,2.16,7.45,34.81
34.81,35.28,2.16,7.45,34.78
34.78,35.28,2.16,7.45,33.86
33.86,35.28,2.16,7.45,34.19
34.19,35.28,2.16,7.45,32.07
32.07,35.28,2.16,7.45,32.59
32.59,35.28,2.16,7.45,31.04
31.04,35.28,2.16,7.45,31.34
31.34,35.28,2.16,7.45,31.4
31.4,35.28,2.16,7.45,31.24
31.24,35.28,2.16,7.45,31.49
31.49,35.28,2.16,7.45,32.75
32.75,35.28,2.16,7.45,32.36
32.36,35.28,2.16,7.45,31.48
31.48,35.28,2.16,7.45,32.22
32.22,35.28,2.16,7.45,32.4
32.4,35.28,2.16,7.45,30.34
30.34,35.28,2.16,7.45,30.1
30.1,35.28,2.16,7.45,29.84
29.84,35.28,2.16,7.45,29.52
29.52,35.28,2.16,7.45,30.45
30.45,35.28,2.16,7.45,30.73
30.73,35.28,2.16,7.45,31.46
31.46,35.28,2.16,7.45,32.2
32.2,35.28,2.16,7.45,32.63
32.63,35.28,2.16,7.45,32.47
32.47,35.28,2.16,7.45,32.61
32.61,35.28,2.16,7.45,32.43
32.43,35.28,2.16,7.45,32.02
32.02,35.28,2.16,7.45,31.97
31.97,35.28,2.16,7.45,30.76
30.76,35.28,2.16,7.45,30.69
30.69,35.28,2.16,7.45,30.58
30.58,35.28,2.16,7.45,29.21
29.21,35.28,2.16,7.45,28.43
28.43,35.28,2.16,7.45,28.28
28.28,35.28,2.16,7.45,27.79
27.79,35.28,2.16,7.45,27.75
27.75,35.28,2.16,7.45,28.57
28.57,35.28,2.16,7.45,28.81
28.81,35.28,2.16,7.45,28.65
28.65,35.28,2.16,7.45,28.2
28.2,35.28,2.16,7.45,28.75
28.75,35.28,2.16,7.45,28.69
28.69,35.28,2.16,7.45,28.4
28.4,35.28,2.16,7.45,27.03
27.03,35.28,2.16,7.45,27.54
27.54,35.28,2.16,7.45,27.52
27.52,35.28,2.16,7.45,27.58
27.58,35.28,2.16,7.45,28.72
28.72,35.28,2.16,7.45,29.3
29.3,35.28,2.16,7.45,29.64
29.64,35.28,2.16,7.45,28.87
28.87,35.28,2.16,7.45,28.78
28.78,35.28,2.16,7.45,28.15
28.15,35.28,2.16,7.45,27.93
27.93,35.28,2.16,7.45,28.82
28.82,35.28,2.16,7.45,27.84
27.84,35.28,2.16,7.45,28.29
28.29,35.28,2.16,7.45,28.46
28.46,35.28,2.16,7.45,28.73
28.73,35.28,2.16,7.45,29.82
29.82,35.28,2.16,7.45,29.46
29.46,35.28,2.16,7.45,28.22
28.22,35.28,2.16,7.45,27.53
27.53,35.28,2.16,7.45,27.35
27.35,35.28,2.16,7.45,27.16
27.16,35.28,2.16,7.45,29.28
29.28,35.28,2.16,7.45,29.44
29.44,35.28,2.16,7.45,28.54
28.54,35.28,2.16,7.45,28.56
28.56,35.28,2.16,7.45,27.96
27.96,35.28,2.16,7.45,27.36
27.36,35.28,2.16,7.45,27.69
27.69,35.28,2.16,7.45,27.51
27.51,35.28,2.16,7.45,27.96
27.96,35.28,2.16,7.45,27.68
27.68,35.28,2.16,7.45,26.97
26.97,35.28,2.16,7.45,28.29
28.29,35.28,2.16,7.45,29.21
29.21,35.28,2.16,7.45,29.85
29.85,35.28,2.16,7.45,28.99
28.99,35.28,2.16,7.45,28.84
28.84,35.28,2.16,7.45,28.93
28.93,35.28,2.16,7.45,28.91
28.91,35.28,2.16,7.45,29.13
29.13,35.28,2.16,7.45,29.17
29.17,35.28,2.16,7.45,29.41
29.41,35.28,2.16,7.45,30.04
30.04,35.28,2.16,7.45,30.55
30.55,35.28,2.16,7.45,31.03
31.03,35.28,2.16,7.45,31.15
31.15,35.28,2.16,7.45,30.76
30.76,35.28,2.16,7.45,30.56
30.56,35.28,2.16,7.45,32.09
32.09,35.28,2.16,7.45,32.0
32.0,35.28,2.16,7.45,32.34
32.34,35.28,2.16,7.45,32.58
32.58,35.28,2.16,7.45,33.37
33.37,35.28,2.16,7.45,33.73
33.73,35.28,2.16,7.45,32.59
32.59,35.28,2.16,7.45,33.04
33.04,35.28,2.16,7.45,32.67
32.67,35.28,2.16,7.45,33.2
33.2,35.28,2.16,7.45,33.8
33.8,35.28,2.16,7.45,33.75
33.75,35.28,2.16,7.45,33.68
33.68,35.28,2.16,7.45,34.31
34.31,35.28,2.16,7.45,34.23
34.23,35.28,2.16,7.45,34.48
34.48,35.28,2.16,7.45,34.66
34.66,35.28,2.16,7.45,34.02
34.02,35.28,2.16,7.45,34.66
34.66,35.28,2.16,7.45,34.75
34.75,35.28,2.16,7.45,34.75
34.75,35.28,2.16,7.45,34.9
34.9,35.28,2.16,7.45,34.8
34.8,35.28,2.16,7.45,34.59
34.59,35.28,2.16,7.45,34.92
34.92,35.28,2.16,7.45,34.8
34.8,35.28,2.16,7.45,34.75
34.75,35.28,2.16,7.45,35.06
35.06,35.28,2.16,7.45,35.11
35.11,35.28,2.16,7.45,35.99
35.99,35.28,2.16,7.45,36.38
36.38,35.28,2.16,7.45,36.18
36.18,35.28,2.16,7.45,35.48
35.48,35.28,2.16,7.45,35.26
35.26,35.28,2.16,7.45,35.73
35.73,35.28,2.16,7.45,36.36
36.36,35.28,2.16,7.45,36.2
36.2,35.28,2.16,7.45,35.04
35.04,35.28,2.16,7.45,35.21
35.21,35.28,2.16,7.45,36.23
36.23,35.28,2.16,7.45,36.46
36.46,35.28,2.16,7.45,36.28
36.28,35.28,2.16,7.45,35.43
35.43,35.28,2.16,7.45,36.34
36.34,35.28,2.16,7.45,36.35
36.35,35.28,2.16,7.45,35.65
35.65,35.28,2.16,7.45,35.02
35.02,35.28,2.16,7.45,36.12
36.12,35.28,2.16,7.45,36.72
36.72,35.28,2.16,7.45,37.48
37.48,35.28,2.16,7.45,37.13
37.13,35.28,2.16,7.45,37.58
37.58,35.28,2.16,7.45,37.66
37.66,35.28,2.16,7.45,38.05
38.05,35.28,2.16,7.45,38.54
38.54,35.28,2.16,7.45,38.7
38.7,35.28,2.16,7.45,38.9
38.9,35.28,2.16,7.45,38.48
38.48,35.28,2.16,7.45,39.74
39.74,35.28,2.16,7.45,40.54
40.54,35.28,2.16,7.45,40.63
40.63,35.28,2.16,7.45,40.83
40.83,35.28,2.16,7.45,41.06
41.06,35.28,2.16,7.45,41.07
41.07,35.28,2.16,7.45,41.92
41.92,35.28,2.16,7.45,41.51
41.51,35.28,2.16,7.45,41.69
41.69,35.28,2.16,7.45,41.59
41.59,35.28,2.16,7.45,41.43
41.43,35.28,2.16,7.45,41.88
41.88,41.67,3.95,11.78,41.49
41.49,41.67,3.95,11.78,41.4
41.4,41.67,3.95,11.78,41.48
41.48,41.67,3.95,11.78,41.62
41.62,41.67,3.95,11.78,42.22
42.22,41.67,3.95,11.78,42.94
42.94,41.67,3.95,11.78,43.13
43.13,41.67,3.95,11.78,42.97
42.97,41.67,3.95,11.78,43.26
43.26,41.67,3.95,11.78,44.35
44.35,41.67,3.95,11.78,42.43
42.43,41.67,3.95,11.78,42.29
42.29,41.67,3.95,11.78,42.11
42.11,41.67,3.95,11.78,42.77
42.77,41.67,3.95,11.78,42.69
42.69,41.67,3.95,11.78,42.57
42.57,41.67,3.95,11.78,42.45
42.45,41.67,3.95,11.78,40.98
40.98,41.67,3.95,11.78,41.83
41.83,41.67,3.95,11.78,42.05
42.05,41.67,3.95,11.78,41.23
41.23,41.67,3.95,11.78,40.99
40.99,41.67,3.95,11.78,42.99
42.99,41.67,3.95,11.78,44.44
44.44,41.67,3.95,11.78,44.17
44.17,41.67,3.95,11.78,43.43
43.43,41.67,3.95,11.78,44.0
44.0,41.67,3.95,11.78,45.02
45.02,41.67,3.95,11.78,44.79
44.79,41.67,3.95,11.78,42.65
42.65,41.67,3.95,11.78,43.57
43.57,41.67,3.95,11.78,43.92
43.92,41.67,3.95,11.78,43.92
43.92,41.67,3.95,11.78,42.49
42.49,41.67,3.95,11.78,40.45
40.45,41.67,3.95,11.78,41.15
41.15,41.67,3.95,11.78,42.36
42.36,41.67,3.95,11.78,42.08
42.08,41.67,3.95,11.78,40.68
40.68,41.67,3.95,11.78,41.46
41.46,41.67,3.95,11.78,42.82
42.82,41.67,3.95,11.78,46.75
46.75,41.67,3.95,11.78,45.87
45.87,41.67,3.95,11.78,45.97
45.97,41.67,3.95,11.78,46.05
46.05,41.67,3.95,11.78,44.88
44.88,41.67,3.95,11.78,45.34
45.34,41.67,3.95,11.78,44.84
44.84,41.67,3.95,11.78,43.82
43.82,41.67,3.95,11.78,42.33
42.33,41.67,3.95,11.78,42.45
42.45,41.67,3.95,11.78,42.94
42.94,41.67,3.95,11.78,43.95
43.95,41.67,3.95,11.78,43.19
43.19,41.67,3.95,11.78,43.67
43.67,41.67,3.95,11.78,43.91
43.91,41.67,3.95,11.78,44.04
44.04,41.67,3.95,11.78,43.96
43.96,41.67,3.95,11.78,44.56
44.56,41.67,3.95,11.78,45.09
45.09,41.67,3.95,11.78,44.78
44.78,41.67,3.95,11.78,45.14
45.14,41.67,3.95,11.78,44.83
44.83,41.67,3.95,11.78,45.34
45.34,41.67,3.95,11.78,45.29
45.29,41.67,3.95,11.78,44.87
44.87,41.67,3.95,11.78,44.89
44.89,41.67,3.95,11.78,44.99
44.99,41.67,3.95,11.78,44.94
44.94,41.67,3.95,11.78,46.59
46.59,41.67,3.95,11.78,46.63
46.63,41.67,3.95,11.78,47.5
47.5,41.67,3.95,11.78,46.58
46.58,41.67,3.95,11.78,46.74
46.74,41.67,3.95,11.78,48.64
48.64,41.67,3.95,11.78,49.34
49.34,41.67,3.95,11.78,48.18
48.18,41.67,3.95,11.78,49.4
49.4,41.67,3.95,11.78,50.03
50.03,41.67,3.95,11.78,50.32
50.32,41.67,3.95,11.78,49.91
49.91,41.67,3.95,11.78,50.44
50.44,41.67,3.95,11.78,50.6
50.6,41.67,3.95,11.78,49.5
49.5,41.67,3.95,11.78,49.17
49.17,41.67,3.95,11.78,49.73
49.73,41.67,3.95,11.78,49.88
49.88,41.67,3.95,11.78,50.67
50.67,41.67,3.95,11.78,50.03
50.03,41.67,3.95,11.78,50.33
50.33,41.67,3.95,11.78,52.58
52.58,41.67,3.95,11.78,52.32
52.32,41.67,3.95,11.78,51.17
51.17,41.67,3.95,11.78,51.73
51.73,41.67,3.95,11.78,51.16
51.16,41.67,3.95,11.78,50.7
50.7,41.67,3.95,11.78,49.1
49.1,41.67,3.95,11.78,48.69
48.69,41.67,3.95,11.78,49.02
49.02,41.67,3.95,11.78,49.39
49.39,41.67,3.95,11.78,49.6
49.6,41.67,3.95,11.78,49.87
49.87,41.67,3.95,11.78,48.0
48.0,41.67,3.95,11.78,48.18
48.18,41.67,3.95,11.78,47.43
47.43,41.67,3.95,11.78,47.06
47.06,41.67,3.95,11.78,47.7
47.7,41.67,3.95,11.78,47.74
47.74,41.67,3.95,11.78,48.71
48.71,41.67,3.95,11.78,48.19
48.19,41.67,3.95,11.78,47.53
47.53,41.67,3.95,11.78,48.97
48.97,41.67,3.95,11.78,47.37
47.37,41.67,3.95,11.78,47.06
47.06,41.67,3.95,11.78,47.43
47.43,41.67,3.95,11.78,48.38
48.38,41.67,3.95,11.78,49.82
49.82,41.67,3.95,11.78,48.95
48.95,41.67,3.95,11.78,49.38
49.38,41.67,3.95,11.78,48.49
48.49,41.67,3.95,11.78,48.85
48.85,41.67,3.95,11.78,50.48
50.48,41.67,3.95,11.78,50.59
50.59,41.67,3.95,11.78,51.11
51.11,41.67,3.95,11.78,52.0
52.0,41.67,3.95,11.78,51.66
51.66,41.67,3.95,11.78,51.82
51.82,41.67,3.95,11.78,52.38
52.38,41.67,3.95,11.78,50.23
50.23,41.67,3.95,11.78,49.09
49.09,41.67,3.95,11.78,48.07
48.07,41.67,3.95,11.78,48.14
48.14,41.67,3.95,11.78,47.33
47.33,41.67,3.95,11.78,47.08
47.08,41.67,3.95,11.78,45.46
45.46,41.67,3.95,11.78,46.94
46.94,41.67,3.95,11.78,46.92
46.92,41.67,3.95,11.78,46.92
46.92,41.67,3.95,11.78,46.89
46.89,41.67,3.95,11.78,46.4
46.4,41.67,3.95,11.78,44.84
44.84,41.67,3.95,11.78,42.46
42.46,41.67,3.95,11.78,42.18
42.18,41.67,3.95,11.78,42.16
42.16,41.67,3.95,11.78,40.79
40.79,41.67,3.95,11.78,38.94
38.94,41.67,3.95,11.78,39.2
39.2,41.67,3.95,11.78,36.91
36.91,41.67,3.95,11.78,36.59
36.59,41.67,3.95,11.78,32.56
32.56,41.67,3.95,11.78,34.21
34.21,41.67,3.95,11.78,31.85
31.85,41.67,3.95,11.78,34.51
34.51,41.67,3.95,11.78,36.21
36.21,41.67,3.95,11.78,37.5
37.5,41.67,3.95,11.78,36.63
36.63,41.67,3.95,11.78,35.8
35.8,41.67,3.95,11.78,32.23
32.23,41.67,3.95,11.78,31.08
31.08,41.67,3.95,11.78,30.5
30.5,41.67,3.95,11.78,31.86
31.86,41.67,3.95,11.78,33.08
33.08,41.67,3.95,11.78,33.03
33.03,41.67,3.95,11.78,34.87
34.87,41.67,3.95,11.78,36.72
36.72,41.67,3.95,11.78,36.62
36.62,41.67,3.95,11.78,36.87
36.87,41.67,3.95,11.78,35.84
35.84,41.67,3.95,11.78,34.4
34.4,41.67,3.95,11.78,33.92
33.92,41.67,3.95,11.78,35.69
35.69,41.67,3.95,11.78,34.14
34.14,41.67,3.95,11.78,33.36
33.36,41.67,3.95,11.78,33.41
33.41,41.67,3.95,11.78,34.78
34.78,41.67,3.95,11.78,36.58
36.58,41.67,3.95,11.78,37.04
37.04,41.67,3.95,11.78,36.36
36.36,41.67,3.95,11.78,34.96
34.96,41.67,3.95,11.78,35.05
35.05,41.67,3.95,11.78,32.25
32.25,41.67,3.95,11.78,31.29
31.29,41.67,3.95,11.78,31.68
31.68,41.67,3.95,11.78,32.39
32.39,41.67,3.95,11.78,33.56
33.56,41.67,3.95,11.78,31.64
31.64,41.67,3.95,11.78,32.52
32.52,41.67,3.95,11.78,31.25
31.25,41.67,3.95,11.78,29.4
29.4,41.67,3.95,11.78,31.01
31.01,41.67,3.95,11.78,32.12
32.12,41.67,3.95,11.78,33.54
33.54,41.67,3.95,11.78,31.37
31.37,41.67,3.95,11.78,33.31
33.31,41.67,3.95,11.78,33.93
33.93,41.67,3.95,11.78,33.78
33.78,41.67,3.95,11.78,32.47
32.47,41.67,3.95,11.78,33.34
33.34,41.67,3.95,11.78,33.07
33.07,41.67,3.95,11.78,33.48
33.48,41.67,3.95,11.78,32.99
32.99,41.67,3.95,11.78,33.73
33.73,41.67,3.95,11.78,35.27
35.27,41.67,3.95,11.78,37.54
37.54,41.67,3.95,11.78,35.93
35.93,41.67,3.95,11.78,35.79
35.79,41.67,3.95,11.78,37.84
37.84,41.67,3.95,11.78,40.89
40.89,41.67,3.95,11.78,37.07
37.07,41.67,3.95,11.78,35.29
35.29,41.67,3.95,11.78,36.16
36.16,41.67,3.95,11.78,37.13
37.13,41.67,3.95,11.78,36.91
36.91,41.67,3.95,11.78,37.74
37.74,41.67,3.95,11.78,38.75
38.75,41.67,3.95,11.78,36.07
36.07,41.67,3.95,11.78,36.86
36.86,41.67,3.95,11.78,37.46
37.46,41.67,3.95,11.78,37.55
37.55,41.67,3.95,11.78,38.25
38.25,41.67,3.95,11.78,38.58
38.58,41.67,3.95,11.78,37.21
37.21,41.67,3.95,11.78,36.81
36.81,41.67,3.95,11.78,35.79
35.79,41.67,3.95,11.78,35.58
35.58,41.67,3.95,11.78,33.6
33.6,41.67,3.95,11.78,33.83
33.83,41.67,3.95,11.78,35.16
35.16,41.67,3.95,11.78,35.02
35.02,41.67,3.95,11.78,37.5
37.5,41.67,3.95,11.78,37.82
37.82,41.67,3.95,11.78,36.76
36.76,41.67,3.95,11.78,37.06
37.06,41.67,3.95,11.78,36.98
36.98,41.67,3.95,11.78,36.66
36.66,41.67,3.95,11.78,34.42
34.42,41.67,3.95,11.78,35.33
35.33,41.67,3.95,11.78,33.73
33.73,41.67,3.95,11.78,33.15
33.15,41.67,3.95,11.78,32.93
32.93,41.67,3.95,11.78,33.45
33.45,41.67,3.95,11.78,33.46
33.46,41.67,3.95,11.78,33.23
33.23,41.67,3.95,11.78,34.58
34.58,41.67,3.95,11.78,34.36
34.36,41.67,3.95,11.78,34.84
34.84,41.67,3.95,11.78,35.36
35.36,41.67,3.95,11.78,35.25
35.25,41.67,3.95,11.78,34.11
34.11,41.67,3.95,11.78,35.06
35.06,41.67,3.95,11.78,34.93
34.93,41.67,3.95,11.78,36.48
36.48,42.84,6.31,16.99,36.19
36.19,42.84,6.31,16.99,37.0
37.0,42.84,6.31,16.99,37.4
37.4,42.84,6.31,16.99,38.38
38.38,42.84,6.31,16.99,39.1
39.1,42.84,6.31,16.99,38.92
38.92,42.84,6.31,16.99,39.52
39.52,42.84,6.31,16.99,39.06
39.06,42.84,6.31,16.99,39.99
39.99,42.84,6.31,16.99,41.27
41.27,42.84,6.31,16.99,41.85
41.85,42.84,6.31,16.99,41.0
41.0,42.84,6.31,16.99,41.0
41.0,42.84,6.31,16.99,42.6
42.6,42.84,6.31,16.99,44.05
44.05,42.84,6.31,16.99,42.66
42.66,42.84,6.31,16.99,42.68
42.68,42.84,6.31,16.99,43.16
43.16,42.84,6.31,16.99,42.47
42.47,42.84,6.31,16.99,44.19
44.19,42.84,6.31,16.99,43.72
43.72,42.84,6.31,16.99,45.28
45.28,42.84,6.31,16.99,44.66
44.66,42.84,6.31,16.99,44.6
44.6,42.84,6.31,16.99,44.97
44.97,42.84,6.31,16.99,45.09
45.09,42.84,6.31,16.99,44.14
44.14,42.84,6.31,16.99,43.84
43.84,42.84,6.31,16.99,43.78
43.78,42.84,6.31,16.99,43.64
43.64,42.84,6.31,16.99,43.83
43.83,42.84,6.31,16.99,43.14
43.14,42.84,6.31,16.99,42.61
42.61,42.84,6.31,16.99,42.72
42.72,42.84,6.31,16.99,43.41
43.41,42.84,6.31,16.99,43.02
43.02,42.84,6.31,16.99,43.35
43.35,42.84,6.31,16.99,43.63
43.63,42.84,6.31,16.99,43.62
43.62,42.84,6.31,16.99,44.16
44.16,42.84,6.31,16.99,43.72
43.72,42.84,6.31,16.99,42.78
42.78,42.84,6.31,16.99,42.28
42.28,42.84,6.31,16.99,43.46
43.46,42.84,6.31,16.99,44.28
44.28,42.84,6.31,16.99,44.55
44.55,42.84,6.31,16.99,43.62
43.62,42.84,6.31,16.99,45.11
45.11,42.84,6.31,16.99,44.97
44.97,42.84,6.31,16.99,45.86
45.86,42.84,6.31,16.99,45.62
45.62,42.84,6.31,16.99,45.36
45.36,42.84,6.31,16.99,44.83
44.83,42.84,6.31,16.99,44.72
44.72,42.84,6.31,16.99,43.71
43.71,42.84,6.31,16.99,44.3
44.3,42.84,6.31,16.99,45.05
45.05,42.84,6.31,16.99,45.67
45.67,42.84,6.31,16.99,44.59
44.59,42.84,6.31,16.99,44.46
44.46,42.84,6.31,16.99,44.51
44.51,42.84,6.31,16.99,44.87
44.87,42.84,6.31,16.99,44.83
44.83,42.84,6.31,16.99,43.74
43.74,42.84,6.31,16.99,44.77
44.77,42.84,6.31,16.99,43.55
43.55,42.84,6.31,16.99,42.3
42.3,42.84,6.31,16.99,42.47
42.47,42.84,6.31,16.99,43.53
43.53,42.84,6.31,16.99,42.24
42.24,42.84,6.31,16.99,41.99
41.99,42.84,6.31,16.99,42.65
42.65,42.84,6.31,16.99,42.32
42.32,42.84,6.31,16.99,41.92
41.92,42.84,6.31,16.99,42.1
42.1,42.84,6.31,16.99,41.27
41.27,42.84,6.31,16.99,39.8
39.8,42.84,6.31,16.99,41.18
41.18,42.84,6.31,16.99,41.99
41.99,42.84,6.31,16.99,42.56
42.56,42.84,6.31,16.99,42.18
42.18,42.84,6.31,16.99,42.97
42.97,42.84,6.31,16.99,43.04
43.04,42.84,6.31,16.99,42.21
42.21,42.84,6.31,16.99,41.01
41.01,42.84,6.31,16.99,40.86
40.86,42.84,6.31,16.99,40.27
40.27,42.84,6.31,16.99,39.93
39.93,42.84,6.31,16.99,39.74
39.74,42.84,6.31,16.99,39.45
39.45,42.84,6.31,16.99,38.9
38.9,42.84,6.31,16.99,40.51
40.51,42.84,6.31,16.99,39.76
39.76,42.84,6.31,16.99,39.63
39.63,42.84,6.31,16.99,38.73
38.73,42.84,6.31,16.99,39.99
39.99,42.84,6.31,16.99,40.49
40.49,42.84,6.31,16.99,40.77
40.77,42.84,6.31,16.99,41.02
41.02,42.84,6.31,16.99,41.01
41.01,42.84,6.31,16.99,42.18
42.18,42.84,6.31,16.99,41.35
41.35,42.84,6.31,16.99,40.66
40.66,42.84,6.31,16.99,38.22
38.22,42.84,6.31,16.99,37.84
37.84,42.84,6.31,16.99,38.29
38.29,42.84,6.31,16.99,39.77
39.77,42.84,6.31,16.99,39.96
39.96,42.84,6.31,16.99,39.6
39.6,42.84,6.31,16.99,38.98
38.98,42.84,6.31,16.99,39.47
39.47,42.84,6.31,16.99,39.0
39.0,42.84,6.31,16.99,39.35
39.35,42.84,6.31,16.99,40.01
40.01,42.84,6.31,16.99,40.15
40.15,42.84,6.31,16.99,41.15
41.15,42.84,6.31,16.99,40.64
40.64,42.84,6.31,16.99,39.12
39.12,42.84,6.31,16.99,39.03
39.03,42.84,6.31,16.99,37.66
37.66,42.84,6.31,16.99,37.99
37.99,42.84,6.31,16.99,38.35
38.35,42.84,6.31,16.99,37.72
37.72,42.84,6.31,16.99,39.24
39.24,42.84,6.31,16.99,38.91
38.91,42.84,6.31,16.99,39.54
39.54,42.84,6.31,16.99,39.37
39.37,42.84,6.31,16.99,37.97
37.97,42.84,6.31,16.99,37.62
37.62,42.84,6.31,16.99,37.49
37.49,42.84,6.31,16.99,37.19
37.19,42.84,6.31,16.99,36.52
36.52,42.84,6.31,16.99,37.04
37.04,42.84,6.31,16.99,36.83
36.83,42.84,6.31,16.99,37.34
37.34,42.84,6.31,16.99,38.36
38.36,42.84,6.31,16.99,38.46
38.46,42.84,6.31,16.99,37.56
37.56,42.84,6.31,16.99,36.69
36.69,42.84,6.31,16.99,35.61
35.61,42.84,6.31,16.99,36.14
36.14,42.84,6.31,16.99,36.61
36.61,42.84,6.31,16.99,37.94
37.94,42.84,6.31,16.99,38.18
38.18,42.84,6.31,16.99,38.29
38.29,42.84,6.31,16.99,38.18
38.18,42.84,6.31,16.99,37.75
37.75,42.84,6.31,16.99,39.11
39.11,42.84,6.31,16.99,39.23
39.23,42.84,6.31,16.99,40.25
40.25,42.84,6.31,16.99,40.66
40.66,42.84,6.31,16.99,40.8
40.8,42.84,6.31,16.99,40.53
40.53,42.84,6.31,16.99,40.38
40.38,42.84,6.31,16.99,40.49
40.49,42.84,6.31,16.99,40.48
40.48,42.84,6.31,16.99,37.15
37.15,42.84,6.31,16.99,37.22
37.22,42.84,6.31,16.99,36.68
36.68,42.84,6.31,16.99,37.13
37.13,42.84,6.31,16.99,37.46
37.46,42.84,6.31,16.99,37.47
37.47,42.84,6.31,16.99,37.85
37.85,42.84,6.31,16.99,37.44
37.44,42.84,6.31,16.99,36.95
36.95,42.84,6.31,16.99,37.16
37.16,42.84,6.31,16.99,37.04
37.04,42.84,6.31,16.99,37.16
37.16,42.84,6.31,16.99,37.05
37.05,42.84,6.31,16.99,36.74
36.74,42.84,6.31,16.99,37.48
37.48,42.84,6.31,16.99,38.42
38.42,42.84,6.31,16.99,38.26
38.26,42.84,6.31,16.99,37.83
37.83,42.84,6.31,16.99,37.49
37.49,42.84,6.31,16.99,38.38
38.38,42.84,6.31,16.99,39.73
39.73,42.84,6.31,16.99,39.63
39.63,42.84,6.31,16.99,39.55
39.55,42.84,6.31,16.99,39.88
39.88,42.84,6.31,16.99,39.23
39.23,42.84,6.31,16.99,39.0
39.0,42.84,6.31,16.99,38.69
38.69,42.84,6.31,16.99,38.32
38.32,42.84,6.31,16.99,38.27
38.27,42.84,6.31,16.99,38.58
38.58,42.84,6.31,16.99,38.45
38.45,42.84,6.31,16.99,38.86
38.86,42.84,6.31,16.99,38.87
38.87,42.84,6.31,16.99,38.98
38.98,42.84,6.31,16.99,39.2
39.2,42.84,6.31,16.99,38.86
38.86,42.84,6.31,16.99,38.66
38.66,42.84,6.31,16.99,38.15
38.15,42.84,6.31,16.99,37.41
37.41,42.84,6.31,16.99,37.63
37.63,42.84,6.31,16.99,37.22
37.22,42.84,6.31,16.99,37.18
37.18,42.84,6.31,16.99,37.91
37.91,42.84,6.31,16.99,38.06
38.06,42.84,6.31,16.99,36.64
36.64,42.84,6.31,16.99,35.75
35.75,42.84,6.31,16.99,36.0
36.0,42.84,6.31,16.99,35.51
35.51,42.84,6.31,16.99,35.85
35.85,42.84,6.31,16.99,36.11
36.11,42.84,6.31,16.99,35.94
35.94,42.84,6.31,16.99,35.99
35.99,42.84,6.31,16.99,37.1
37.1,42.84,6.31,16.99,37.0
37.0,42.84,6.31,16.99,37.61
37.61,42.84,6.31,16.99,38.28
38.28,42.84,6.31,16.99,37.58
37.58,42.84,6.31,16.99,36.88
36.88,42.84,6.31,16.99,36.91
36.91,42.84,6.31,16.99,36.82
36.82,42.84,6.31,16.99,36.33
36.33,42.84,6.31,16.99,36.14
36.14,42.84,6.31,16.99,35.75
35.75,42.84,6.31,16.99,35.81
35.81,42.84,6.31,16.99,37.51
37.51,42.84,6.31,16.99,36.28
36.28,42.84,6.31,16.99,35.84
35.84,42.84,6.31,16.99,36.88
36.88,42.84,6.31,16.99,37.47
37.47,42.84,6.31,16.99,37.34
37.34,42.84,6.31,16.99,37.97
37.97,42.84,6.31,16.99,38.34
38.34,42.84,6.31,16.99,38.29
38.29,42.84,6.31,16.99,37.92
37.92,42.84,6.31,16.99,38.13
38.13,42.84,6.31,16.99,38.66
38.66,42.84,6.31,16.99,38.32
38.32,42.84,6.31,16.99,37.81
37.81,42.84,6.31,16.99,38.56
38.56,42.84,6.31,16.99,39.7
39.7,42.84,6.31,16.99,40.51
40.51,42.84,6.31,16.99,39.8
39.8,42.84,6.31,16.99,39.85
39.85,42.84,6.31,16.99,40.74
40.74,42.84,6.31,16.99,41.39
41.39,42.84,6.31,16.99,40.59
40.59,42.84,6.31,16.99,41.36
41.36,42.84,6.31,16.99,41.05
41.05,42.84,6.31,16.99,41.07
41.07,42.84,6.31,16.99,40.89
40.89,42.84,6.31,16.99,40.64
40.64,42.84,6.31,16.99,39.83
39.83,42.84,6.31,16.99,40.94
40.94,42.84,6.31,16.99,41.88
41.88,30.64,5.68,19.60,42.03
42.03,30.64,5.68,19.60,42.86
42.86,30.64,5.68,19.60,42.55
42.55,30.64,5.68,19.60,42.21
42.21,30.64,5.68,19.60,43.35
43.35,30.64,5.68,19.60,43.67
43.67,30.64,5.68,19.60,43.43
43.43,30.64,5.68,19.60,43.54
43.54,30.64,5.68,19.60,43.24
43.24,30.64,5.68,19.60,43.05
43.05,30.64,5.68,19.60,43.87
43.87,30.64,5.68,19.60,44.15
44.15,30.64,5.68,19.60,44.64
44.64,30.64,5.68,19.60,44.3
44.3,30.64,5.68,19.60,44.66
44.66,30.64,5.68,19.60,45.29
45.29,30.64,5.68,19.60,45.18
45.18,30.64,5.68,19.60,44.64
44.64,30.64,5.68,19.60,44.4
44.4,30.64,5.68,19.60,44.78
44.78,30.64,5.68,19.60,45.29
45.29,30.64,5.68,19.60,44.26
44.26,30.64,5.68,19.60,45.0
45.0,30.64,5.68,19.60,45.09
45.09,30.64,5.68,19.60,45.01
45.01,30.64,5.68,19.60,45.08
45.08,30.64,5.68,19.60,44.6
44.6,30.64,5.68,19.60,44.62
44.62,30.64,5.68,19.60,44.75
44.75,30.64,5.68,19.60,44.58
44.58,30.64,5.68,19.60,42.25
42.25,30.64,5.68,19.60,43.01
43.01,30.64,5.68,19.60,42.24
42.24,30.64,5.68,19.60,41.63
41.63,30.64,5.68,19.60,41.8
41.8,30.64,5.68,19.60,41.29
41.29,30.64,5.68,19.60,40.97
40.97,30.64,5.68,19.60,41.73
41.73,30.64,5.68,19.60,41.48
41.48,30.64,5.68,19.60,41.93
41.93,30.64,5.68,19.60,42.03
42.03,30.64,5.68,19.60,42.66
42.66,30.64,5.68,19.60,43.24
43.24,30.64,5.68,19.60,43.25
43.25,30.64,5.68,19.60,43.03
43.03,30.64,5.68,19.60,42.81
42.81,30.64,5.68,19.60,42.62
42.62,30.64,5.68,19.60,43.0
43.0,30.64,5.68,19.60,43.32
43.32,30.64,5.68,19.60,43.01
43.01,30.64,5.68,19.60,42.55
42.55,30.64,5.68,19.60,42.0
42.0,30.64,5.68,19.60,42.7
42.7,30.64,5.68,19.60,41.65
41.65,30.64,5.68,19.60,41.25
41.25,30.64,5.68,19.60,41.13
41.13,30.64,5.68,19.60,41.82
41.82,30.64,5.68,19.60,42.09
42.09,30.64,5.68,19.60,41.97
41.97,30.64,5.68,19.60,40.93
40.93,30.64,5.68,19.60,40.66
40.66,30.64,5.68,19.60,40.52
40.52,30.64,5.68,19.60,41.41
41.41,30.64,5.68,19.60,41.54
41.54,30.64,5.68,19.60,41.66
41.66,30.64,5.68,19.60,41.65
41.65,30.64,5.68,19.60,42.26
42.26,30.64,5.68,19.60,43.86
43.86,30.64,5.68,19.60,44.75
44.75,30.64,5.68,19.60,43.04
43.04,30.64,5.68,19.60,43.39
43.39,30.64,5.68,19.60,42.19
42.19,30.64,5.68,19.60,41.83
41.83,30.64,5.68,19.60,42.0
42.0,30.64,5.68,19.60,41.85
41.85,30.64,5.68,19.60,42.61
42.61,30.64,5.68,19.60,42.85
42.85,30.64,5.68,19.60,42.73
42.73,30.64,5.68,19.60,41.3
41.3,30.64,5.68,19.60,41.46
41.46,30.64,5.68,19.60,41.44
41.44,30.64,5.68,19.60,41.31
41.31,30.64,5.68,19.60,41.48
41.48,30.64,5.68,19.60,41.55
41.55,30.64,5.68,19.60,42.0
42.0,30.64,5.68,19.60,42.4
42.4,30.64,5.68,19.60,42.94
42.94,30.64,5.68,19.60,43.16
43.16,30.64,5.68,19.60,43.63
43.63,30.64,5.68,19.60,43.04
43.04,30.64,5.68,19.60,43.97
43.97,30.64,5.68,19.60,45.68
45.68,30.64,5.68,19.60,44.99
44.99,30.64,5.68,19.60,45.56
45.56,30.64,5.68,19.60,46.34
46.34,30.64,5.68,19.60,46.75
46.75,30.64,5.68,19.60,46.24
46.24,30.64,5.68,19.60,45.74
45.74,30.64,5.68,19.60,45.59
45.59,30.64,5.68,19.60,46.43
46.43,30.64,5.68,19.60,46.05
46.05,30.64,5.68,19.60,46.05
46.05,30.64,5.68,19.60,45.45
45.45,30.64,5.68,19.60,45.51
45.51,30.64,5.68,19.60,45.42
45.42,30.64,5.68,19.60,44.53
44.53,30.64,5.68,19.60,45.01
45.01,30.64,5.68,19.60,45.15
45.15,30.64,5.68,19.60,44.73
44.73,30.64,5.68,19.60,44.4
44.4,30.64,5.68,19.60,43.92
43.92,30.64,5.68,19.60,44.49
44.49,30.64,5.68,19.60,44.0
44.0,30.64,5.68,19.60,44.38
44.38,30.64,5.68,19.60,44.8
44.8,30.64,5.68,19.60,43.52
43.52,30.64,5.68,19.60,42.32
42.32,30.64,5.68,19.60,42.98
42.98,30.64,5.68,19.60,42.31
42.31,30.64,5.68,19.60,42.48
42.48,30.64,5.68,19.60,42.34
42.34,30.64,5.68,19.60,43.08
43.08,30.64,5.68,19.60,42.76
42.76,30.64,5.68,19.60,43.59
43.59,30.64,5.68,19.60,43.09
43.09,30.64,5.68,19.60,43.17
43.17,30.64,5.68,19.60,44.23
44.23,30.64,5.68,19.60,44.36
44.36,30.64,5.68,19.60,44.6
44.6,30.64,5.68,19.60,45.31
45.31,30.64,5.68,19.60,45.72
45.72,30.64,5.68,19.60,45.75
45.75,30.64,5.68,19.60,46.11
46.11,30.64,5.68,19.60,45.91
45.91,30.64,5.68,19.60,45.61
45.61,30.64,5.68,19.60,45.9
45.9,30.64,5.68,19.60,46.2
46.2,30.64,5.68,19.60,46.8
46.8,30.64,5.68,19.60,46.47
46.47,30.64,5.68,19.60,46.76
46.76,30.64,5.68,19.60,46.66
46.66,30.64,5.68,19.60,45.6
45.6,30.64,5.68,19.60,45.34
45.34,30.64,5.68,19.60,44.85
44.85,30.64,5.68,19.60,44.73
44.73,30.64,5.68,19.60,46.04
46.04,30.64,5.68,19.60,46.38
46.38,30.64,5.68,19.60,45.94
45.94,30.64,5.68,19.60,46.08
46.08,30.64,5.68,19.60,46.28
46.28,30.64,5.68,19.60,45.85
45.85,30.64,5.68,19.60,46.22
46.22,30.64,5.68,19.60,46.45
46.45,30.64,5.68,19.60,46.92
46.92,30.64,5.68,19.60,46.51
46.51,30.64,5.68,19.60,46.96
46.96,30.64,5.68,19.60,46.79
46.79,30.64,5.68,19.60,46.44
46.44,30.64,5.68,19.60,47.03
47.03,30.64,5.68,19.60,46.89
46.89,30.64,5.68,19.60,47.97
47.97,30.64,5.68,19.60,47.68
47.68,30.64,5.68,19.60,47.6
47.6,30.64,5.68,19.60,46.97
46.97,30.64,5.68,19.60,46.74
46.74,30.64,5.68,19.60,46.8
46.8,30.64,5.68,19.60,46.64
46.64,30.64,5.68,19.60,46.93
46.93,30.64,5.68,19.60,47.87
47.87,30.64,5.68,19.60,47.68
47.68,30.64,5.68,19.60,47.43
47.43,30.64,5.68,19.60,47.95
47.95,30.64,5.68,19.60,48.55
48.55,30.64,5.68,19.60,48.96
48.96,30.64,5.68,19.60,48.62
48.62,30.64,5.68,19.60,48.46
48.46,30.64,5.68,19.60,48.74
48.74,30.64,5.68,19.60,48.87
48.87,30.64,5.68,19.60,49.32
49.32,30.64,5.68,19.60,50.98
50.98,30.64,5.68,19.60,52.15
52.15,30.64,5.68,19.60,51.67
51.67,30.64,5.68,19.60,51.6
51.6,30.64,5.68,19.60,51.83
51.83,30.64,5.68,19.60,52.09
52.09,30.64,5.68,19.60,51.63
51.63,30.64,5.68,19.60,51.25
51.25,30.64,5.68,19.60,51.9
51.9,30.64,5.68,19.60,51.57
51.57,30.64,5.68,19.60,51.06
51.06,30.64,5.68,19.60,51.78
51.78,30.64,5.68,19.60,51.13
51.13,30.64,5.68,19.60,50.13
50.13,30.64,5.68,19.60,49.95
49.95,30.64,5.68,19.60,50.99
50.99,30.64,5.68,19.60,51.46
51.46,30.64,5.68,19.60,51.36
51.36,30.64,5.68,19.60,50.88
50.88,30.64,5.68,19.60,51.56
51.56,30.64,5.68,19.60,52.65
52.65,30.64,5.68,19.60,52.99
52.99,30.64,5.68,19.60,51.99
51.99,30.64,5.68,19.60,51.02
51.02,30.64,5.68,19.60,50.65
50.65,30.64,5.68,19.60,51.12
51.12,30.64,5.68,19.60,51.87
51.87,30.64,5.68,19.60,51.49
51.49,30.64,5.68,19.60,51.7
51.7,30.64,5.68,19.60,51.15
51.15,30.64,5.68,19.60,50.76
50.76,30.64,5.68,19.60,51.1
51.1,30.64,5.68,19.60,51.21
51.21,30.64,5.68,19.60,51.21
51.21,30.64,5.68,19.60,51.04
51.04,30.64,5.68,19.60,50.05
50.05,30.64,5.68,19.60,50.78
50.78,30.64,5.68,19.60,51.3
51.3,30.64,5.68,19.60,51.2
51.2,30.64,5.68,19.60,51.2
51.2,30.64,5.68,19.60,50.54
50.54,30.64,5.68,19.60,54.93
54.93,30.64,5.68,19.60,54.05
54.05,30.64,5.68,19.60,53.82
53.82,30.64,5.68,19.60,53.53
53.53,30.64,5.68,19.60,54.1
54.1,30.64,5.68,19.60,53.85
53.85,30.64,5.68,19.60,53.11
53.11,30.64,5.68,19.60,53.65
53.65,30.64,5.68,19.60,53.81
53.81,30.64,5.68,19.60,53.57
53.57,30.64,5.68,19.60,53.21
53.21,30.64,5.68,19.60,52.93
52.93,30.64,5.68,19.60,53.58
53.58,30.64,5.68,19.60,53.5
53.5,30.64,5.68,19.60,54.83
54.83,30.64,5.68,19.60,55.06
55.06,30.64,5.68,19.60,55.34
55.34,30.64,5.68,19.60,54.84
54.84,30.64,5.68,19.60,55.26
55.26,30.64,5.68,19.60,55.16
55.16,30.64,5.68,19.60,55.24
55.24,30.64,5.68,19.60,56.37
56.37,30.64,5.68,19.60,57.89
57.89,30.64,5.68,19.60,57.38
57.38,30.64,5.68,19.60,56.96
56.96,30.64,5.68,19.60,57.54
57.54,30.64,5.68,19.60,57.23
57.23,30.64,5.68,19.60,57.46
57.46,30.64,5.68,19.60,57.17
57.17,30.64,5.68,19.60,57.32
57.32,30.64,5.68,19.60,57.19
57.19,30.64,5.68,19.60,56.21
56.21,33.61,6.45,20.62,56.92
56.92,33.61,6.45,20.62,56.64
56.64,33.61,6.45,20.62,57.45
57.45,33.61,6.45,20.62,58.39
58.39,33.61,6.45,20.62,58.41
58.41,33.61,6.45,20.62,58.93
58.93,33.61,6.45,20.62,58.93
58.93,33.61,6.45,20.62,59.88
59.88,33.61,6.45,20.62,60.34
60.34,33.61,6.45,20.62,60.5
60.5,33.61,6.45,20.62,60.71
60.71,33.61,6.45,20.62,60.85
60.85,33.61,6.45,20.62,60.93
60.93,33.61,6.45,20.62,59.47
59.47,33.61,6.45,20.62,57.87
57.87,33.61,6.45,20.62,58.3
58.3,33.61,6.45,20.62,58.1
58.1,33.61,6.45,20.62,57.65
57.65,33.61,6.45,20.62,59.51
59.51,33.61,6.45,20.62,58.15
58.15,33.61,6.45,20.62,56.15
56.15,33.61,6.45,20.62,57.81
57.81,33.61,6.45,20.62,57.43
57.43,33.61,6.45,20.62,58.29
58.29,33.61,6.45,20.62,59.42
59.42,33.61,6.45,20.62,59.01
59.01,33.61,6.45,20.62,59.73
59.73,33.61,6.45,20.62,59.89
59.89,33.61,6.45,20.62,60.08
60.08,33.61,6.45,20.62,55.25
55.25,33.61,6.45,20.62,55.15
55.15,33.61,6.45,20.62,55.94
55.94,33.61,6.45,20.62,57.29
57.29,33.61,6.45,20.62,56.34
56.34,33.61,6.45,20.62,56.75
56.75,33.61,6.45,20.62,56.89
56.89,33.61,6.45,20.62,57.1
57.1,33.61,6.45,20.62,56.36
56.36,33.61,6.45,20.62,56.93
56.93,33.61,6.45,20.62,56.71
56.71,33.61,6.45,20.62,57.78
57.78,33.61,6.45,20.62,57.8
57.8,33.61,6.45,20.62,58.77
58.77,33.61,6.45,20.62,58.42
58.42,33.61,6.45,20.62,58.15
58.15,33.61,6.45,20.62,56.86
56.86,33.61,6.45,20.62,57.06
57.06,33.61,6.45,20.62,55.85
55.85,33.61,6.45,20.62,55.44
55.44,33.61,6.45,20.62,55.8
55.8,33.61,6.45,20.62,56.79
56.79,33.61,6.45,20.62,56.63
56.63,33.61,6.45,20.62,56.7
56.7,33.61,6.45,20.62,56.09
56.09,33.61,6.45,20.62,55.26
55.26,33.61,6.45,20.62,55.16
55.16,33.61,6.45,20.62,55.17
55.17,33.61,6.45,20.62,54.69
54.69,33.61,6.45,20.62,54.69
54.69,33.61,6.45,20.62,55.92
55.92,33.61,6.45,20.62,56.36
56.36,33.61,6.45,20.62,56.67
56.67,33.61,6.45,20.62,56.6
56.6,33.61,6.45,20.62,55.57
55.57,33.61,6.45,20.62,54.35
54.35,33.61,6.45,20.62,54.66
54.66,33.61,6.45,20.62,55.57
55.57,33.61,6.45,20.62,54.05
54.05,33.61,6.45,20.62,52.77
52.77,33.61,6.45,20.62,52.65
52.65,33.61,6.45,20.62,53.11
53.11,33.61,6.45,20.62,53.68
53.68,33.61,6.45,20.62,54.65
54.65,33.61,6.45,20.62,54.69
54.69,33.61,6.45,20.62,54.97
54.97,33.61,6.45,20.62,55.01
55.01,33.61,6.45,20.62,55.28
55.28,33.61,6.45,20.62,54.39
54.39,33.61,6.45,20.62,53.73
53.73,33.61,6.45,20.62,53.3
53.3,33.61,6.45,20.62,54.04
54.04,33.61,6.45,20.62,54.47
54.47,33.61,6.45,20.62,54.54
54.54,33.61,6.45,20.62,55.33
55.33,33.61,6.45,20.62,55.01
55.01,33.61,6.45,20.62,55.03
55.03,33.61,6.45,20.62,55.3
55.3,33.61,6.45,20.62,55.39
55.39,33.61,6.45,20.62,56.41
56.41,33.61,6.45,20.62,56.83
56.83,33.61,6.45,20.62,55.85
55.85,33.61,6.45,20.62,54.49
54.49,33.61,6.45,20.62,55.03
55.03,33.61,6.45,20.62,54.97
54.97,33.61,6.45,20.62,54.31
54.31,33.61,6.45,20.62,54.99
54.99,33.61,6.45,20.62,55.54
55.54,33.61,6.45,20.62,56.18
56.18,33.61,6.45,20.62,56.28
56.28,33.61,6.45,20.62,57.11
57.11,33.61,6.45,20.62,56.96
56.96,33.61,6.45,20.62,56.94
56.94,33.61,6.45,20.62,56.89
56.89,33.61,6.45,20.62,57.22
57.22,33.61,6.45,20.62,57.45
57.45,33.61,6.45,20.62,58.6
58.6,33.61,6.45,20.62,59.01
59.01,33.61,6.45,20.62,59.28
59.28,33.61,6.45,20.62,58.89
58.89,33.61,6.45,20.62,58.91
58.91,33.61,6.45,20.62,58.4
58.4,33.61,6.45,20.62,58.5
58.5,33.61,6.45,20.62,58.32
58.32,33.61,6.45,20.62,58.87
58.87,33.61,6.45,20.62,59.27
59.27,33.61,6.45,20.62,58.62
58.62,33.61,6.45,20.62,58.77
58.77,33.61,6.45,20.62,58.11
58.11,33.61,6.45,20.62,57.65
57.65,33.61,6.45,20.62,57.97
57.97,33.61,6.45,20.62,57.82
57.82,33.61,6.45,20.62,57.5
57.5,33.61,6.45,20.62,57.44
57.44,33.61,6.45,20.62,58.25
58.25,33.61,6.45,20.62,58.05
58.05,33.61,6.45,20.62,58.46
58.46,33.61,6.45,20.62,58.12
58.12,33.61,6.45,20.62,57.15
57.15,33.61,6.45,20.62,56.9
56.9,33.61,6.45,20.62,56.49
56.49,33.61,6.45,20.62,56.6
56.6,33.61,6.45,20.62,56.82
56.82,33.61,6.45,20.62,56.66
56.66,33.61,6.45,20.62,56.96
56.96,33.61,6.45,20.62,55.15
55.15,33.61,6.45,20.62,56.15
56.15,33.61,6.45,20.62,56.71
56.71,33.61,6.45,20.62,57.72
57.72,33.61,6.45,20.62,57.47
57.47,33.61,6.45,20.62,56.84
56.84,33.61,6.45,20.62,56.53
56.53,33.61,6.45,20.62,56.29
56.29,33.61,6.45,20.62,56.03
56.03,33.61,6.45,20.62,56.78
56.78,33.61,6.45,20.62,56.09
56.09,33.61,6.45,20.62,56.07
56.07,33.61,6.45,20.62,56.26
56.26,33.61,6.45,20.62,55.24
55.24,33.61,6.45,20.62,55.59
55.59,33.61,6.45,20.62,55.05
55.05,33.61,6.45,20.62,55.24
55.24,33.61,6.45,20.62,55.2
55.2,33.61,6.45,20.62,54.34
54.34,33.61,6.45,20.62,54.78
54.78,33.61,6.45,20.62,55.62
55.62,33.61,6.45,20.62,57.58
57.58,33.61,6.45,20.62,58.52
58.52,33.61,6.45,20.62,58.56
58.56,33.61,6.45,20.62,58.33
58.33,33.61,6.45,20.62,57.99
57.99,33.61,6.45,20.62,57.64
57.64,33.61,6.45,20.62,57.74
57.74,33.61,6.45,20.62,57.85
57.85,33.61,6.45,20.62,57.38
57.38,33.61,6.45,20.62,57.15
57.15,33.61,6.45,20.62,57.16
57.16,33.61,6.45,20.62,58.07
58.07,33.61,6.45,20.62,58.06
58.06,33.61,6.45,20.62,57.69
57.69,33.61,6.45,20.62,57.92
57.92,33.61,6.45,20.62,57.65
57.65,33.61,6.45,20.62,57.45
57.45,33.61,6.45,20.62,57.69
57.69,33.61,6.45,20.62,57.59
57.59,33.61,6.45,20.62,58.6
58.6,33.61,6.45,20.62,57.92
57.92,33.61,6.45,20.62,57.91
57.91,33.61,6.45,20.62,58.89
58.89,33.61,6.45,20.62,58.4
58.4,33.61,6.45,20.62,58.25
58.25,33.61,6.45,20.62,57.55
57.55,33.61,6.45,20.62,56.98
56.98,33.61,6.45,20.62,57.96
57.96,33.61,6.45,20.62,56.89
56.89,33.61,6.45,20.62,56.5
56.5,33.61,6.45,20.62,57.15
57.15,33.61,6.45,20.62,56.98
56.98,33.61,6.45,20.62,56.2
56.2,33.61,6.45,20.62,55.83
55.83,33.61,6.45,20.62,56.91
56.91,33.61,6.45,20.62,56.57
56.57,33.61,6.45,20.62,55.0
55.0,33.61,6.45,20.62,56.46
56.46,33.61,6.45,20.62,55.03
55.03,33.61,6.45,20.62,53.64
53.64,33.61,6.45,20.62,52.79
52.79,33.61,6.45,20.62,51.79
51.79,33.61,6.45,20.62,51.79
51.79,33.61,6.45,20.62,51.71
51.71,33.61,6.45,20.62,52.27
52.27,33.61,6.45,20.62,52.35
52.35,33.61,6.45,20.62,54.0
54.0,33.61,6.45,20.62,53.05
53.05,33.61,6.45,20.62,53.71
53.71,33.61,6.45,20.62,54.05
54.05,33.61,6.45,20.62,53.99
53.99,33.61,6.45,20.62,54.66
54.66,33.61,6.45,20.62,54.5
54.5,33.61,6.45,20.62,54.32
54.32,33.61,6.45,20.62,55.28
55.28,33.61,6.45,20.62,40.84
40.84,33.61,6.45,20.62,40.18
40.18,33.61,6.45,20.62,40.13
40.13,33.61,6.45,20.62,41.37
41.37,33.61,6.45,20.62,40.93
40.93,33.61,6.45,20.62,41.53
41.53,33.61,6.45,20.62,41.66
41.66,33.61,6.45,20.62,41.45
41.45,33.61,6.45,20.62,41.45
41.45,33.61,6.45,20.62,41.57
41.57,33.61,6.45,20.62,41.24
41.24,33.61,6.45,20.62,40.8
40.8,33.61,6.45,20.62,40.8
40.8,33.61,6.45,20.62,41.26
41.26,33.61,6.45,20.62,42.25
42.25,33.61,6.45,20.62,42.25
42.25,33.61,6.45,20.62,42.71
42.71,33.61,6.45,20.62,42.74
42.74,33.61,6.45,20.62,42.74
42.74,33.61,6.45,20.62,41.59
41.59,33.61,6.45,20.62,41.98
41.98,33.61,6.45,20.62,42.23
42.23,33.61,6.45,20.62,42.27
42.27,33.61,6.45,20.62,42.3
42.3,33.61,6.45,20.62,41.51
41.51,33.61,6.45,20.62,41.4
41.4,33.61,6.45,20.62,40.34
40.34,33.61,6.45,20.62,40.62
40.62,33.61,6.45,20.62,39.72
39.72,33.61,6.45,20.62,38.68
38.68,33.61,6.45,20.62,38.47
38.47,33.61,6.45,20.62,39.76
39.76,33.61,6.45,20.62,40.7
40.7,33.61,6.45,20.62,41.38
41.38,33.61,6.45,20.62,41.88
41.88,33.61,6.45,20.62,41.37
41.37,33.61,6.45,20.62,41.13
41.13,33.61,6.45,20.62,41.38
41.38,33.61,6.45,20.62,41.33
41.33,33.61,6.45,20.62,41.37
41.37,33.61,6.45,20.62,40.94
40.94,33.61,6.45,20.62,40.56
40.56,46.25,9.22,22.53,39.8
39.8,46.25,9.22,22.53,39.18
39.18,46.25,9.22,22.53,39.7
39.7,46.25,9.22,22.53,40.89
40.89,46.25,9.22,22.53,40.59
40.59,46.25,9.22,22.53,40.11
40.11,46.25,9.22,22.53,39.55
39.55,46.25,9.22,22.53,39.06
39.06,46.25,9.22,22.53,38.01
38.01,46.25,9.22,22.53,38.25
38.25,46.25,9.22,22.53,37.93
37.93,46.25,9.22,22.53,38.16
38.16,46.25,9.22,22.53,39.65
39.65,46.25,9.22,22.53,38.81
38.81,46.25,9.22,22.53,39.15
39.15,46.25,9.22,22.53,38.75
38.75,46.25,9.22,22.53,38.0
38.0,46.25,9.22,22.53,38.46
38.46,46.25,9.22,22.53,37.77
37.77,46.25,9.22,22.53,38.69
38.69,46.25,9.22,22.53,39.62
39.62,46.25,9.22,22.53,39.11
39.11,46.25,9.22,22.53,39.53
39.53,46.25,9.22,22.53,39.34
39.34,46.25,9.22,22.53,39.04
39.04,46.25,9.22,22.53,39.67
39.67,46.25,9.22,22.53,39.33
39.33,46.25,9.22,22.53,40.02
40.02,46.25,9.22,22.53,40.15
40.15,46.25,9.22,22.53,40.52
40.52,46.25,9.22,22.53,41.54
41.54,46.25,9.22,22.53,41.15
41.15,46.25,9.22,22.53,41.95
41.95,46.25,9.22,22.53,41.73
41.73,46.25,9.22,22.53,42.06
42.06,46.25,9.22,22.53,42.2
42.2,46.25,9.22,22.53,42.36
42.36,46.25,9.22,22.53,42.21
42.21,46.25,9.22,22.53,42.7
42.7,46.25,9.22,22.53,42.26
42.26,46.25,9.22,22.53,42.0
42.0,46.25,9.22,22.53,42.22
42.22,46.25,9.22,22.53,41.53
41.53,46.25,9.22,22.53,41.74
41.74,46.25,9.22,22.53,40.63
40.63,46.25,9.22,22.53,40.85
40.85,46.25,9.22,22.53,41.1
41.1,46.25,9.22,22.53,40.87
40.87,46.25,9.22,22.53,41.81
41.81,46.25,9.22,22.53,41.58
41.58,46.25,9.22,22.53,42.12
42.12,46.25,9.22,22.53,42.21
42.21,46.25,9.22,22.53,42.21
42.21,46.25,9.22,22.53,42.2
42.2,46.25,9.22,22.53,41.09
41.09,46.25,9.22,22.53,40.81
40.81,46.25,9.22,22.53,40.7
40.7,46.25,9.22,22.53,41.11
41.11,46.25,9.22,22.53,41.72
41.72,46.25,9.22,22.53,41.55
41.55,46.25,9.22,22.53,41.39
41.39,46.25,9.22,22.53,42.05
42.05,46.25,9.22,22.53,41.93
41.93,46.25,9.22,22.53,42.44
42.44,46.25,9.22,22.53,42.26
42.26,46.25,9.22,22.53,42.49
42.49,46.25,9.22,22.53,43.55
43.55,46.25,9.22,22.53,43.04
43.04,46.25,9.22,22.53,43.07
43.07,46.25,9.22,22.53,43.38
43.38,46.25,9.22,22.53,43.13
43.13,46.25,9.22,22.53,42.98
42.98,46.25,9.22,22.53,43.19
43.19,46.25,9.22,22.53,42.89
42.89,46.25,9.22,22.53,42.71
42.71,46.25,9.22,22.53,42.62
42.62,46.25,9.22,22.53,42.49
42.49,46.25,9.22,22.53,41.98
41.98,46.25,9.22,22.53,42.18
42.18,46.25,9.22,22.53,41.96
41.96,46.25,9.22,22.53,41.37
41.37,46.25,9.22,22.53,41.83
41.83,46.25,9.22,22.53,41.94
41.94,46.25,9.22,22.53,41.59
41.59,46.25,9.22,22.53,41.59
41.59,46.25,9.22,22.53,41.8
41.8,46.25,9.22,22.53,42.5
42.5,46.25,9.22,22.53,42.62
42.62,46.25,9.22,22.53,41.91
41.91,46.25,9.22,22.53,41.81
41.81,46.25,9.22,22.53,42.05
42.05,46.25,9.22,22.53,42.04
42.04,46.25,9.22,22.53,42.63
42.63,46.25,9.22,22.53,42.37
42.37,46.25,9.22,22.53,42.61
42.61,46.25,9.22,22.53,42.32
42.32,46.25,9.22,22.53,42.5
42.5,46.25,9.22,22.53,42.06
42.06,46.25,9.22,22.53,42.61
42.61,46.25,9.22,22.53,41.75
41.75,46.25,9.22,22.53,41.19
41.19,46.25,9.22,22.53,40.92
40.92,46.25,9.22,22.53,41.11
41.11,46.25,9.22,22.53,41.1
41.1,46.25,9.22,22.53,40.54
40.54,46.25,9.22,22.53,40.31
40.31,46.25,9.22,22.53,39.95
39.95,46.25,9.22,22.53,40.12
40.12,46.25,9.22,22.53,40.52
40.52,46.25,9.22,22.53,40.53
40.53,46.25,9.22,22.53,39.84
39.84,46.25,9.22,22.53,39.52
39.52,46.25,9.22,22.53,39.79
39.79,46.25,9.22,22.53,39.6
39.6,46.25,9.22,22.53,39.9
39.9,46.25,9.22,22.53,39.49
39.49,46.25,9.22,22.53,39.81
39.81,46.25,9.22,22.53,39.6
39.6,46.25,9.22,22.53,40.19
40.19,46.25,9.22,22.53,40.05
40.05,46.25,9.22,22.53,40.02
40.02,46.25,9.22,22.53,38.74
38.74,46.25,9.22,22.53,38.58
38.58,46.25,9.22,22.53,39.26
39.26,46.25,9.22,22.53,39.58
39.58,46.25,9.22,22.53,39.36
39.36,46.25,9.22,22.53,39.79
39.79,46.25,9.22,22.53,38.75
38.75,46.25,9.22,22.53,38.92
38.92,46.25,9.22,22.53,39.4
39.4,46.25,9.22,22.53,39.96
39.96,46.25,9.22,22.53,40.49
40.49,46.25,9.22,22.53,40.13
40.13,46.25,9.22,22.53,40.34
40.34,46.25,9.22,22.53,39.95
39.95,46.25,9.22,22.53,40.06
40.06,46.25,9.22,22.53,39.57
39.57,46.25,9.22,22.53,40.33
40.33,46.25,9.22,22.53,40.25
40.25,46.25,9.22,22.53,39.31
39.31,46.25,9.22,22.53,39.61
39.61,46.25,9.22,22.53,40.45
40.45,46.25,9.22,22.53,40.4
40.4,46.25,9.22,22.53,40.97
40.97,46.25,9.22,22.53,40.95
40.95,46.25,9.22,22.53,41.0
41.0,46.25,9.22,22.53,40.62
40.62,46.25,9.22,22.53,40.72
40.72,46.25,9.22,22.53,40.12
40.12,46.25,9.22,22.53,39.99
39.99,46.25,9.22,22.53,40.47
40.47,46.25,9.22,22.53,39.42
39.42,46.25,9.22,22.53,38.89
38.89,46.25,9.22,22.53,38.56
38.56,46.25,9.22,22.53,38.65
38.65,46.25,9.22,22.53,38.82
38.82,46.25,9.22,22.53,39.02
39.02,46.25,9.22,22.53,38.4
38.4,46.25,9.22,22.53,37.51
37.51,46.25,9.22,22.53,36.23
36.23,46.25,9.22,22.53,34.68
34.68,46.25,9.22,22.53,34.36
34.36,46.25,9.22,22.53,35.62
35.62,46.25,9.22,22.53,36.64
36.64,46.25,9.22,22.53,36.51
36.51,46.25,9.22,22.53,36.31
36.31,46.25,9.22,22.53,34.75
34.75,46.25,9.22,22.53,35.53
35.53,46.25,9.22,22.53,35.75
35.75,46.25,9.22,22.53,35.06
35.06,46.25,9.22,22.53,36.21
36.21,46.25,9.22,22.53,35.54
35.54,46.25,9.22,22.53,35.86
35.86,46.25,9.22,22.53,35.96
35.96,46.25,9.22,22.53,35.55
35.55,46.25,9.22,22.53,36.15
36.15,46.25,9.22,22.53,36.52
36.52,46.25,9.22,22.53,36.4
36.4,46.25,9.22,22.53,35.74
35.74,46.25,9.22,22.53,35.69
35.69,46.25,9.22,22.53,35.05
35.05,46.25,9.22,22.53,34.95
34.95,46.25,9.22,22.53,34.55
34.55,46.25,9.22,22.53,34.45
34.45,46.25,9.22,22.53,33.37
33.37,46.25,9.22,22.53,33.74
33.74,46.25,9.22,22.53,34.33
34.33,46.25,9.22,22.53,33.74
33.74,46.25,9.22,22.53,34.67
34.67,46.25,9.22,22.53,35.34
35.34,46.25,9.22,22.53,34.9
34.9,46.25,9.22,22.53,35.54
35.54,46.25,9.22,22.53,36.01
36.01,46.25,9.22,22.53,36.23
36.23,46.25,9.22,22.53,35.99
35.99,46.25,9.22,22.53,35.63
35.63,46.25,9.22,22.53,35.05
35.05,46.25,9.22,22.53,35.58
35.58,46.25,9.22,22.53,35.78
35.78,46.25,9.22,22.53,36.23
36.23,46.25,9.22,22.53,36.32
36.32,46.25,9.22,22.53,35.9
35.9,46.25,9.22,22.53,36.09
36.09,46.25,9.22,22.53,37.11
37.11,46.25,9.22,22.53,36.83
36.83,46.25,9.22,22.53,37.05
37.05,46.25,9.22,22.53,37.52
37.52,46.25,9.22,22.53,37.7
37.7,46.25,9.22,22.53,37.76
37.76,46.25,9.22,22.53,38.59
38.59,46.25,9.22,22.53,38.27
38.27,46.25,9.22,22.53,38.34
38.34,46.25,9.22,22.53,38.3
38.3,46.25,9.22,22.53,38.14
38.14,46.25,9.22,22.53,37.92
37.92,46.25,9.22,22.53,37.98
37.98,46.25,9.22,22.53,37.66
37.66,46.25,9.22,22.53,37.49
37.49,46.25,9.22,22.53,36.77
36.77,46.25,9.22,22.53,37.33
37.33,46.25,9.22,22.53,38.38
38.38,46.25,9.22,22.53,39.34
39.34,46.25,9.22,22.53,38.5
38.5,46.25,9.22,22.53,39.28
39.28,46.25,9.22,22.53,40.03
40.03,46.25,9.22,22.53,40.67
40.67,46.25,9.22,22.53,41.34
41.34,46.25,9.22,22.53,41.97
41.97,46.25,9.22,22.53,41.82
41.82,46.25,9.22,22.53,41.06
41.06,46.25,9.22,22.53,40.42
40.42,46.25,9.22,22.53,40.15
40.15,46.25,9.22,22.53,41.1
41.1,46.25,9.22,22.53,40.7
40.7,46.25,9.22,22.53,41.17
41.17,46.25,9.22,22.53,40.98
40.98,46.25,9.22,22.53,41.25
41.25,46.25,9.22,22.53,40.19
40.19,46.25,9.22,22.53,40.25
40.25,46.25,9.22,22.53,40.81
40.81,46.25,9.22,22.53,41.43
41.43,46.25,9.22,22.53,40.78
40.78,46.25,9.22,22.53,40.1
40.1,46.25,9.22,22.53,40.83
40.83,46.25,9.22,22.53,41.22
41.22,46.25,9.22,22.53,41.77
41.77,46.25,9.22,22.53,42.14
42.14,46.25,9.22,22.53,41.78
41.78,46.25,9.22,22.53,42.36
42.36,46.25,9.22,22.53,42.17
42.17,46.25,9.22,22.53,41.81
41.81,46.25,9.22,22.53,40.69
40.69,36.90,8.31,23.71,40.55
40.55,36.90,8.31,23.71,40.73
40.73,36.90,8.31,23.71,39.0
39.0,36.90,8.31,23.71,38.59
38.59,36.90,8.31,23.71,37.94
37.94,36.90,8.31,23.71,38.19
38.19,36.90,8.31,23.71,36.86
36.86,36.90,8.31,23.71,37.61
37.61,36.90,8.31,23.71,37.11
37.11,36.90,8.31,23.71,37.2
37.2,36.90,8.31,23.71,37.26
37.26,36.90,8.31,23.71,37.23
37.23,36.90,8.31,23.71,37.98
37.98,36.90,8.31,23.71,37.61
37.61,36.90,8.31,23.71,37.51
37.51,36.90,8.31,23.71,37.05
37.05,36.90,8.31,23.71,36.11
36.11,36.90,8.31,23.71,37.65
37.65,36.90,8.31,23.71,37.69
37.69,36.90,8.31,23.71,37.07
37.07,36.90,8.31,23.71,37.19
37.19,36.90,8.31,23.71,37.42
37.42,36.90,8.31,23.71,36.04
36.04,36.90,8.31,23.71,34.8
34.8,36.90,8.31,23.71,35.37
35.37,36.90,8.31,23.71,35.85
35.85,36.90,8.31,23.71,35.33
35.33,36.90,8.31,23.71,36.22
36.22,36.90,8.31,23.71,37.08
37.08,36.90,8.31,23.71,37.87
37.87,36.90,8.31,23.71,37.19
37.19,36.90,8.31,23.71,37.44
37.44,36.90,8.31,23.71,38.03
38.03,36.90,8.31,23.71,37.17
37.17,36.90,8.31,23.71,37.48
37.48,36.90,8.31,23.71,37.63
37.63,36.90,8.31,23.71,37.59
37.59,36.90,8.31,23.71,37.35
37.35,36.90,8.31,23.71,38.59
38.59,36.90,8.31,23.71,39.04
39.04,36.90,8.31,23.71,39.2
39.2,36.90,8.31,23.71,39.34
39.34,36.90,8.31,23.71,39.43
39.43,36.90,8.31,23.71,38.09
38.09,36.90,8.31,23.71,38.13
38.13,36.90,8.31,23.71,37.98
37.98,36.90,8.31,23.71,39.23
39.23,36.90,8.31,23.71,39.02
39.02,36.90,8.31,23.71,38.29
38.29,36.90,8.31,23.71,38.98
38.98,36.90,8.31,23.71,39.29
39.29,36.90,8.31,23.71,40.19
40.19,36.90,8.31,23.71,39.65
39.65,36.90,8.31,23.71,39.88
39.88,36.90,8.31,23.71,39.47
39.47,36.90,8.31,23.71,39.43
39.43,36.90,8.31,23.71,39.52
39.52,36.90,8.31,23.71,40.16
40.16,36.90,8.31,23.71,40.12
40.12,36.90,8.31,23.71,39.85
39.85,36.90,8.31,23.71,40.31
40.31,36.90,8.31,23.71,40.01
40.01,36.90,8.31,23.71,39.26
39.26,36.90,8.31,23.71,40.24
40.24,36.90,8.31,23.71,39.47
39.47,36.90,8.31,23.71,39.54
39.54,36.90,8.31,23.71,39.41
39.41,36.90,8.31,23.71,39.75
39.75,36.90,8.31,23.71,40.69
40.69,36.90,8.31,23.71,40.78
40.78,36.90,8.31,23.71,40.91
40.91,36.90,8.31,23.71,41.31
41.31,36.90,8.31,23.71,41.4
41.4,36.90,8.31,23.71,41.52
41.52,36.90,8.31,23.71,41.93
41.93,36.90,8.31,23.71,41.8
41.8,36.90,8.31,23.71,41.63
41.63,36.90,8.31,23.71,41.32
41.32,36.90,8.31,23.71,41.58
41.58,36.90,8.31,23.71,41.18
41.18,36.90,8.31,23.71,40.92
40.92,36.90,8.31,23.71,41.71
41.71,36.90,8.31,23.71,41.24
41.24,36.90,8.31,23.71,40.52
40.52,36.90,8.31,23.71,40.96
40.96,36.90,8.31,23.71,41.43
41.43,36.90,8.31,23.71,41.33
41.33,36.90,8.31,23.71,42.0
42.0,36.90,8.31,23.71,42.46
42.46,36.90,8.31,23.71,42.73
42.73,36.90,8.31,23.71,42.62
42.62,36.90,8.31,23.71,42.94
42.94,36.90,8.31,23.71,44.41
44.41,36.90,8.31,23.71,44.32
44.32,36.90,8.31,23.71,44.56
44.56,36.90,8.31,23.71,44.89
44.89,36.90,8.31,23.71,44.57
44.57,36.90,8.31,23.71,45.03
45.03,36.90,8.31,23.71,45.42
45.42,36.90,8.31,23.71,45.51
45.51,36.90,8.31,23.71,45.82
45.82,36.90,8.31,23.71,45.89
45.89,36.90,8.31,23.71,45.95
45.95,36.90,8.31,23.71,45.9
45.9,36.90,8.31,23.71,45.72
45.72,36.90,8.31,23.71,45.86
45.86,36.90,8.31,23.71,45.75
45.75,36.90,8.31,23.71,46.15
46.15,36.90,8.31,23.71,46.09
46.09,36.90,8.31,23.71,45.36
45.36,36.90,8.31,23.71,44.92
44.92,36.90,8.31,23.71,44.91
44.91,36.90,8.31,23.71,44.94
44.94,36.90,8.31,23.71,45.37
45.37,36.90,8.31,23.71,45.36
45.36,36.90,8.31,23.71,46.14
46.14,36.90,8.31,23.71,46.16
46.16,36.90,8.31,23.71,46.03
46.03,36.90,8.31,23.71,46.68
46.68,36.90,8.31,23.71,44.12
44.12,36.90,8.31,23.71,42.26
42.26,36.90,8.31,23.71,43.11
43.11,36.90,8.31,23.71,43.76
43.76,36.90,8.31,23.71,44.36
44.36,36.90,8.31,23.71,44.6
44.6,36.90,8.31,23.71,43.75
43.75,36.90,8.31,23.71,44.47
44.47,36.90,8.31,23.71,44.42
44.42,36.90,8.31,23.71,45.48
45.48,36.90,8.31,23.71,45.4
45.4,36.90,8.31,23.71,46.53
46.53,36.90,8.31,23.71,46.41
46.41,36.90,8.31,23.71,46.8
46.8,36.90,8.31,23.71,46.67
46.67,36.90,8.31,23.71,46.8
46.8,36.90,8.31,23.71,46.98
46.98,36.90,8.31,23.71,47.01
47.01,36.90,8.31,23.71,46.67
46.67,36.90,8.31,23.71,46.58
46.58,36.90,8.31,23.71,46.14
46.14,36.90,8.31,23.71,46.95
46.95,36.90,8.31,23.71,47.26
47.26,36.90,8.31,23.71,47.51
47.51,36.90,8.31,23.71,48.11
48.11,36.90,8.31,23.71,47.87
47.87,36.90,8.31,23.71,47.18
47.18,36.90,8.31,23.71,47.09
47.09,36.90,8.31,23.71,46.83
46.83,36.90,8.31,23.71,47.49
47.49,36.90,8.31,23.71,47.23
47.23,36.90,8.31,23.71,47.45
47.45,36.90,8.31,23.71,47.51
47.51,36.90,8.31,23.71,48.13
48.13,36.90,8.31,23.71,48.14
48.14,36.90,8.31,23.71,48.44
48.44,36.90,8.31,23.71,48.28
48.28,36.90,8.31,23.71,48.43
48.43,36.90,8.31,23.71,46.72
46.72,36.90,8.31,23.71,47.62
47.62,36.90,8.31,23.71,47.58
47.58,36.90,8.31,23.71,47.82
47.82,36.90,8.31,23.71,46.7
46.7,36.90,8.31,23.71,47.26
47.26,36.90,8.31,23.71,47.32
47.32,36.90,8.31,23.71,47.62
47.62,36.90,8.31,23.71,47.14
47.14,36.90,8.31,23.71,46.98
46.98,36.90,8.31,23.71,46.99
46.99,36.90,8.31,23.71,47.0
47.0,36.90,8.31,23.71,46.95
46.95,36.90,8.31,23.71,47.11
47.11,36.90,8.31,23.71,47.02
47.02,36.90,8.31,23.71,44.88
44.88,36.90,8.31,23.71,45.75
45.75,36.90,8.31,23.71,44.9
44.9,36.90,8.31,23.71,44.86
44.86,36.90,8.31,23.71,45.44
45.44,36.90,8.31,23.71,44.79
44.79,36.90,8.31,23.71,44.95
44.95,36.90,8.31,23.71,45.71
45.71,36.90,8.31,23.71,46.04
46.04,36.90,8.31,23.71,46.67
46.67,36.90,8.31,23.71,46.61
46.61,36.90,8.31,23.71,46.57
46.57,36.90,8.31,23.71,46.7
46.7,36.90,8.31,23.71,47.18
47.18,36.90,8.31,23.71,46.41
46.41,36.90,8.31,23.71,47.09
47.09,36.90,8.31,23.71,47.14
47.14,36.90,8.31,23.71,46.83
46.83,36.90,8.31,23.71,47.15
47.15,36.90,8.31,23.71,47.3
47.3,36.90,8.31,23.71,47.38
47.38,36.90,8.31,23.71,47.69
47.69,36.90,8.31,23.71,45.69
45.69,36.90,8.31,23.71,45.47
45.47,36.90,8.31,23.71,45.16
45.16,36.90,8.31,23.71,45.08
45.08,36.90,8.31,23.71,45.15
45.15,36.90,8.31,23.71,45.44
45.44,36.90,8.31,23.71,46.02
46.02,36.90,8.31,23.71,46.05
46.05,36.90,8.31,23.71,45.57
45.57,36.90,8.31,23.71,45.85
45.85,36.90,8.31,23.71,43.51
43.51,36.90,8.31,23.71,43.37
43.37,36.90,8.31,23.71,43.38
43.38,36.90,8.31,23.71,43.22
43.22,36.90,8.31,23.71,43.57
43.57,36.90,8.31,23.71,43.49
43.49,36.90,8.31,23.71,43.26
43.26,36.90,8.31,23.71,43.66
43.66,36.90,8.31,23.71,44.32
44.32,36.90,8.31,23.71,45.71
45.71,36.90,8.31,23.71,45.62
45.62,36.90,8.31,23.71,45.94
45.94,36.90,8.31,23.71,47.03
47.03,36.90,8.31,23.71,46.37
46.37,36.90,8.31,23.71,45.33
45.33,36.90,8.31,23.71,45.4
45.4,36.90,8.31,23.71,46.18
46.18,36.90,8.31,23.71,45.94
45.94,36.90,8.31,23.71,45.04
45.04,36.90,8.31,23.71,44.97
44.97,36.90,8.31,23.71,44.46
44.46,36.90,8.31,23.71,44.65
44.65,36.90,8.31,23.71,44.89
44.89,36.90,8.31,23.71,43.6
43.6,36.90,8.31,23.71,44.48
44.48,36.90,8.31,23.71,43.98
43.98,36.90,8.31,23.71,43.21
43.21,36.90,8.31,23.71,44.03
44.03,36.90,8.31,23.71,44.53
44.53,36.90,8.31,23.71,44.84
44.84,36.90,8.31,23.71,44.99
44.99,36.90,8.31,23.71,45.8
45.8,36.90,8.31,23.71,46.3
46.3,36.90,8.31,23.71,46.14
46.14,36.90,8.31,23.71,46.39
46.39,36.90,8.31,23.71,46.14
46.14,36.90,8.31,23.71,46.56
46.56,36.90,8.31,23.71,45.91
45.91,36.90,8.31,23.71,45.43
45.43,36.90,8.31,23.71,46.21
46.21,36.90,8.31,23.71,46.04
46.04,36.90,8.31,23.71,45.97
45.97,36.90,8.31,23.71,46.2
46.2,36.90,8.31,23.71,46.51
46.51,36.90,8.31,23.71,45.72
45.72,36.90,8.31,23.71,45.64
45.64,36.90,8.31,23.71,45.56
