Date,Open,High,Low,Close,Volume
2007-01-03,3.69,3.79,3.64,3.71,1688648
2007-01-04,3.71,3.75,3.68,3.71,958028
2007-01-05,3.71,3.79,3.71,3.73,931136
2007-01-08,3.85,3.85,3.73,3.75,701824
2007-01-09,3.74,3.78,3.69,3.75,782636
2007-01-10,3.74,3.76,3.66,3.72,732186
2007-01-11,3.73,3.8,3.7,3.75,752612
2007-01-12,3.74,3.76,3.7,3.75,504306
2007-01-16,3.76,3.85,3.69,3.79,628708
2007-01-17,3.79,4.13,3.79,4.02,1920038
2007-01-18,4.05,4.06,3.92,3.98,541796
2007-01-19,3.97,4.1,3.97,4.04,561478
2007-01-22,4.02,4.22,4.02,4.19,952830
2007-01-23,4.2,4.32,4.17,4.22,1774035
2007-01-24,4.22,4.26,4.14,4.2,761414
2007-01-25,4.22,4.24,4.15,4.2,370926
2007-01-26,4.22,4.22,4.13,4.19,457650
2007-01-29,4.18,4.26,4.16,4.24,958108
2007-01-30,4.23,4.37,4.23,4.35,846922
2007-01-31,4.35,4.42,4.25,4.38,1042686
2007-02-01,4.57,4.86,4.55,4.81,6919682
2007-02-02,4.81,4.81,4.73,4.76,3197637
2007-02-05,4.78,4.78,4.62,4.67,2460578
2007-02-06,4.69,4.73,4.62,4.73,812295
2007-02-07,4.72,4.72,4.62,4.69,1151374
2007-02-08,4.7,4.8,4.65,4.79,2137536
2007-02-09,4.8,4.8,4.55,4.6,1072467
2007-02-12,4.62,4.62,4.5,4.53,977427
2007-02-13,4.55,4.65,4.53,4.64,1065690
2007-02-14,4.66,4.66,4.61,4.61,799686
2007-02-15,4.61,4.61,4.55,4.59,1097726
2007-02-16,4.59,4.63,4.54,4.58,536504
2007-02-20,4.59,4.63,4.57,4.63,536085
2007-02-21,4.59,4.62,4.57,4.57,356548
2007-02-22,4.59,4.66,4.58,4.64,476698
2007-02-23,4.62,4.66,4.48,4.5,526284
2007-02-26,4.53,4.56,4.48,4.5,550922
2007-02-27,4.47,4.47,4.08,4.11,2314872
2007-02-28,4.11,4.28,4.11,4.15,753435
2007-03-01,4.28,4.28,4.04,4.15,1231402
2007-03-02,4.07,4.21,4.07,4.15,968868
2007-03-05,4.03,4.15,4.03,4.07,1092434
2007-03-06,4.12,4.34,4.05,4.24,977778
2007-03-07,4.25,4.28,4.15,4.23,708426
2007-03-08,4.26,4.32,4.26,4.31,935482
2007-03-09,4.34,4.37,4.23,4.32,540000
2007-03-12,4.33,4.38,4.27,4.33,811012
2007-03-13,4.3,4.3,4.16,4.16,592070
2007-03-14,4.16,4.22,4.11,4.18,829224
2007-03-15,4.2,4.27,4.2,4.23,393336
2007-03-16,4.23,4.27,4.21,4.21,1033425
2007-03-19,4.24,4.3,4.18,4.19,334840
2007-03-20,4.2,4.3,4.16,4.25,589923
2007-03-21,4.24,4.5,4.23,4.45,802994
2007-03-22,4.46,4.48,4.36,4.43,599832
2007-03-23,4.42,4.52,4.41,4.48,581256
2007-03-26,4.48,4.61,4.48,4.6,624078
2007-03-27,4.59,4.65,4.57,4.63,606542
2007-03-28,4.63,4.74,4.63,4.66,777789
2007-03-29,4.67,4.74,4.64,4.67,442760
2007-03-30,4.68,4.8,4.62,4.67,759024
2007-04-02,4.69,4.71,4.65,4.71,479088
2007-04-03,4.68,4.73,4.65,4.67,716688
2007-04-04,4.65,4.68,4.58,4.67,598347
2007-04-05,4.65,4.72,4.64,4.65,338944
2007-04-09,4.67,4.67,4.58,4.59,294138
2007-04-10,4.59,4.69,4.59,4.63,414315
2007-04-11,4.63,4.66,4.52,4.63,535734
2007-04-12,4.64,4.72,4.64,4.69,626116
2007-04-13,4.68,4.69,4.6,4.64,213678
2007-04-16,4.67,4.89,4.67,4.89,826659
2007-04-17,4.89,4.89,4.75,4.78,542160
2007-04-18,4.74,4.81,4.7,4.76,430353
2007-04-19,4.73,4.76,4.61,4.72,485636
2007-04-20,4.79,4.87,4.74,4.8,555322
2007-04-23,4.78,4.78,4.64,4.64,481558
2007-04-24,4.64,4.7,4.58,4.62,310784
2007-04-25,4.61,4.62,4.56,4.59,289980
2007-04-26,4.59,4.73,4.49,4.71,891135
2007-04-27,4.72,4.75,4.59,4.6,425358
2007-04-30,4.6,4.73,4.52,4.53,563746
2007-05-01,4.53,4.65,4.5,4.62,835016
2007-05-02,4.67,4.93,4.67,4.88,1144138
2007-05-03,5.02,5.48,5.0,5.32,4324820
2007-05-04,5.34,5.34,5.1,5.24,1153062
2007-05-07,5.27,5.48,5.26,5.45,998784
2007-05-08,5.45,5.45,5.23,5.28,977738
2007-05-09,5.28,5.47,5.26,5.42,1216566
2007-05-10,5.39,5.44,5.28,5.33,771795
2007-05-11,5.35,5.4,5.2,5.25,1188472
2007-05-14,5.26,5.44,5.26,5.42,1199462
2007-05-15,5.43,5.46,5.11,5.15,1796148
2007-05-16,5.22,5.4,5.0,5.16,1215810
2007-05-17,5.22,5.28,5.18,5.23,906498
2007-05-18,5.23,5.23,5.0,5.1,1193656
2007-05-21,5.1,5.11,4.98,5.07,518684
2007-05-22,5.07,5.17,5.03,5.15,702850
2007-05-23,5.13,5.2,5.04,5.06,748197
2007-05-24,5.03,5.05,4.93,4.99,871695
2007-05-25,4.99,5.05,4.94,4.96,592704
2007-05-29,4.95,5.19,4.95,5.07,828414
2007-05-30,5.03,5.18,4.99,5.02,794232
2007-05-31,5.02,5.15,4.95,5.01,711288
2007-06-01,5.03,5.12,4.97,5.08,859815
2007-06-04,5.06,5.39,5.04,5.3,1875596
2007-06-05,5.26,5.29,5.1,5.16,978710
2007-06-06,5.16,5.19,5.06,5.11,972243
2007-06-07,5.08,5.31,5.08,5.25,1512972
2007-06-08,5.25,5.31,5.16,5.25,1226732
2007-06-11,5.29,5.4,5.19,5.35,994180
2007-06-12,5.29,5.35,5.19,5.22,1185867
2007-06-13,5.25,5.41,5.18,5.34,1313240
2007-06-14,5.3,5.42,5.29,5.31,538070
2007-06-15,5.41,5.67,5.39,5.66,1955205
2007-06-18,5.67,5.92,5.63,5.88,2134930
2007-06-19,5.91,5.98,5.73,5.89,1314806
2007-06-20,5.87,5.98,5.84,5.89,1287009
2007-06-21,5.85,6.0,5.77,5.94,1734750
2007-06-22,5.91,6.05,5.79,5.93,2878672
2007-06-25,5.88,6.0,5.81,5.86,1038312
2007-06-26,5.88,5.88,5.71,5.8,1289385
2007-06-27,5.73,5.99,5.73,5.97,847422
2007-06-28,5.97,6.05,5.81,5.93,1212057
2007-06-29,5.93,5.96,5.82,5.83,706158
2007-07-02,5.86,6.3,5.86,6.17,2057427
2007-07-03,6.18,6.2,6.05,6.15,1053094
2007-07-05,6.14,6.43,6.13,6.41,1783606
2007-07-06,6.51,6.85,6.51,6.82,2917728
2007-07-09,6.89,7.37,6.86,7.02,5323550
2007-07-10,7.09,7.18,6.94,7.0,1711948
2007-07-11,6.98,6.98,6.56,6.67,3848134
2007-07-12,6.68,6.74,6.56,6.63,2935251
2007-07-13,6.6,6.77,6.52,6.75,3443486
2007-07-16,6.68,6.93,6.66,6.73,2796660
2007-07-17,6.76,6.79,6.61,6.61,1413612
2007-07-18,6.59,6.73,6.39,6.48,1879470
2007-07-19,6.51,6.7,6.51,6.66,1431918
2007-07-20,6.64,6.7,6.47,6.58,1199866
2007-07-23,6.58,6.8,6.53,6.72,1247697
2007-07-24,6.74,6.74,6.6,6.63,1563111
2007-07-25,6.65,6.74,6.54,6.62,2220129
2007-07-26,6.54,6.6,6.47,6.52,1431850
2007-07-27,6.48,6.49,6.28,6.3,2138684
2007-07-30,6.16,6.4,5.79,6.32,1441215
2007-07-31,6.52,6.84,6.27,6.59,1728864
2007-08-01,6.87,6.87,6.55,6.79,2458233
2007-08-02,6.79,6.86,6.01,6.02,4182304
2007-08-03,6.23,6.59,6.09,6.23,2032178
2007-08-06,6.24,7.13,6.24,7.13,2802213
2007-08-07,7.21,8.75,7.18,8.44,5723910
2007-08-08,8.52,9.55,8.52,9.06,6843681
2007-08-09,8.18,8.67,8.04,8.37,4425327
2007-08-10,8.0,8.8,7.3,7.5,3338352
2007-08-13,8.33,8.37,7.08,7.29,2553358
2007-08-14,7.38,7.58,7.02,7.02,1725196
2007-08-15,6.95,7.49,6.89,7.34,1791171
2007-08-16,7.02,7.71,6.74,7.69,2282544
2007-08-17,8.19,8.31,7.61,8.05,2688246
2007-08-20,8.26,8.27,7.64,7.86,5074704
2007-08-21,8.0,8.0,7.61,7.71,2846768
2007-08-22,7.82,7.93,7.57,7.67,1544044
2007-08-23,7.72,7.72,7.46,7.49,920480
2007-08-24,7.49,7.89,7.49,7.87,849100
2007-08-27,7.74,7.92,7.6,7.65,846014
2007-08-28,7.6,7.72,7.52,7.6,2189133
2007-08-29,7.63,7.75,7.54,7.65,3139380
2007-08-30,7.53,7.88,7.53,7.67,1954670
2007-08-31,7.67,7.89,7.57,7.57,1342210
2007-09-04,7.57,7.81,7.25,7.46,2648718
2007-09-05,7.39,7.49,7.15,7.25,1689898
2007-09-06,7.32,7.52,7.18,7.3,1198138
2007-09-07,7.16,7.21,6.78,6.86,1911568
2007-09-10,6.92,7.05,6.39,6.5,2512616
2007-09-11,6.6,6.97,6.56,6.91,1773900
2007-09-12,6.85,6.98,6.8,6.91,1062972
2007-09-13,7.24,7.24,6.84,6.95,1086066
2007-09-14,6.89,7.1,6.72,6.96,881194
2007-09-17,6.91,7.04,6.91,6.92,763006
2007-09-18,6.95,7.24,6.78,7.14,1434236
2007-09-19,7.18,7.56,7.17,7.56,1183666
2007-09-20,7.57,7.81,7.52,7.52,1134792
2007-09-21,7.46,7.67,7.39,7.46,1127925
2007-09-24,7.43,7.74,7.43,7.64,825350
2007-09-25,7.64,7.64,7.43,7.44,861993
2007-09-26,7.5,7.68,7.37,7.55,940887
2007-09-27,7.57,7.6,7.33,7.36,594072
2007-09-28,7.33,7.57,7.32,7.38,607856
2007-10-01,7.34,7.72,7.34,7.67,1383350
2007-10-02,7.67,7.74,7.52,7.63,846914
2007-10-03,7.93,8.29,7.23,8.17,2911968
2007-10-04,8.22,8.48,8.22,8.39,1428458
2007-10-05,8.4,8.68,8.4,8.57,1265265
2007-10-08,8.57,8.65,8.44,8.63,650642
2007-10-09,8.66,8.71,8.46,8.56,538623
2007-10-10,8.55,8.63,8.5,8.6,835371
2007-10-11,8.66,8.88,8.28,8.48,968409
2007-10-12,8.46,8.56,8.33,8.53,443421
2007-10-15,8.53,8.63,8.29,8.39,665793
2007-10-16,8.4,8.43,8.28,8.38,390532
2007-10-17,8.47,8.69,8.41,8.62,582872
2007-10-18,8.55,8.89,8.46,8.87,951813
2007-10-19,8.99,9.13,8.79,8.8,1604840
2007-10-22,8.67,8.68,8.1,8.53,2059569
2007-10-23,8.61,8.75,8.52,8.61,1010304
2007-10-24,8.58,8.58,8.26,8.41,755865
2007-10-25,8.46,8.64,8.33,8.37,756940
2007-10-26,8.46,8.7,8.46,8.57,689643
2007-10-29,8.63,8.98,8.63,8.74,739566
2007-10-30,8.71,8.72,8.26,8.34,1767514
2007-10-31,8.44,8.47,8.12,8.29,1410152
2007-11-01,8.2,8.22,7.57,7.63,1321546
2007-11-02,7.78,7.93,7.53,7.63,1187424
2007-11-05,7.43,7.71,7.33,7.57,1014340
2007-11-06,7.63,7.63,6.96,7.18,2448387
2007-11-07,6.98,7.21,6.72,6.73,1496988
2007-11-08,6.83,7.21,6.71,7.15,1756377
2007-11-09,7.07,7.28,6.76,6.81,1698944
2007-11-12,6.77,6.93,6.57,6.78,2048373
2007-11-13,6.78,7.11,6.67,7.06,2334218
2007-11-14,7.11,7.62,7.11,7.55,2210139
2007-11-15,6.64,7.46,6.64,6.84,3012836
2007-11-16,6.84,7.19,6.74,6.99,1728864
2007-11-19,6.97,7.1,6.88,7.01,1661170
2007-11-20,7.0,7.13,6.85,6.98,1051726
2007-11-21,6.85,7.09,6.85,6.96,516272
2007-11-23,7.05,7.08,6.83,6.87,330944
2007-11-26,6.85,6.91,6.63,6.64,2442060
2007-11-27,6.68,6.9,6.64,6.81,655816
2007-11-28,6.85,7.27,6.68,7.21,775976
2007-11-29,7.2,7.25,7.0,7.2,663386
2007-11-30,7.28,7.38,7.18,7.25,1350450
2007-12-03,7.19,7.44,6.99,6.99,1049067
2007-12-04,7.0,7.26,6.94,7.01,417668
2007-12-05,7.14,7.31,7.11,7.25,336226
2007-12-06,7.25,7.48,7.22,7.48,593190
2007-12-07,7.51,7.61,7.34,7.4,2547940
2007-12-10,7.48,8.28,7.4,8.18,2478586
2007-12-11,8.22,8.22,7.86,7.89,1317897
2007-12-12,8.12,8.17,7.89,8.1,903717
2007-12-13,8.3,8.48,7.94,8.48,1184828
2007-12-14,8.42,8.43,8.24,8.32,656222
2007-12-17,8.27,8.4,8.07,8.09,658130
2007-12-18,8.18,8.97,8.08,8.92,1592726
2007-12-19,8.94,8.94,8.72,8.81,1062616
2007-12-20,8.9,8.9,8.7,8.9,543456
2007-12-21,9.04,9.31,8.91,9.22,1254834
2007-12-24,9.2,9.33,9.06,9.22,392040
2007-12-26,9.05,9.32,9.05,9.21,507316
2007-12-27,9.11,9.22,8.92,9.01,603315
2007-12-28,9.06,9.17,8.97,9.07,505593
2007-12-31,9.0,9.08,8.8,9.04,472820
2008-01-02,9.0,9.18,8.65,8.8,724374
2008-01-03,8.89,9.28,8.74,9.25,1160644
2008-01-04,9.14,9.2,8.78,8.81,1562756
2008-01-07,8.86,9.15,8.34,9.1,2120022
2008-01-08,9.16,9.26,8.83,8.96,1289907
2008-01-09,8.92,9.02,8.68,8.96,1162480
2008-01-10,8.9,9.29,8.81,9.14,1679558
2008-01-11,9.1,9.33,8.96,9.04,1484546
2008-01-14,9.23,9.23,8.78,8.84,1154664
2008-01-15,8.68,8.91,8.62,8.8,1934392
2008-01-16,8.88,8.88,8.41,8.74,1476752
2008-01-17,8.68,8.94,8.61,8.89,1633293
2008-01-18,8.89,9.0,8.61,8.76,3582220
2008-01-22,8.43,8.43,7.6,7.8,4957353
2008-01-23,7.61,7.61,7.12,7.48,5313429
2008-01-24,7.5,7.67,7.3,7.54,3547935
2008-01-25,7.66,7.77,7.42,7.57,1603548
2008-01-28,7.42,7.7,7.27,7.7,1404788
2008-01-29,7.84,7.86,7.56,7.76,1141178
2008-01-30,7.83,8.0,7.6,7.64,1512490
2008-01-31,7.75,8.56,7.58,8.56,5605668
2008-02-01,8.63,8.85,8.4,8.59,1572705
2008-02-04,8.55,8.78,8.47,8.6,1317762
2008-02-05,8.42,8.68,8.24,8.28,1480406
2008-02-06,8.36,8.36,8.01,8.02,911052
2008-02-07,8.01,8.26,7.94,8.22,1399005
2008-02-08,8.16,8.33,7.96,8.09,1200924
2008-02-11,8.41,8.71,8.27,8.6,2482322
2008-02-12,8.76,8.76,8.11,8.28,2677734
2008-02-13,8.38,8.4,8.0,8.21,1982403
2008-02-14,8.21,8.21,7.87,7.91,2772914
2008-02-15,7.86,7.9,7.72,7.82,1250514
2008-02-19,7.95,8.04,7.68,7.78,2670840
2008-02-20,7.74,7.81,7.57,7.67,1002150
2008-02-21,7.74,7.76,7.52,7.56,1032300
2008-02-22,7.64,7.64,7.41,7.52,899482
2008-02-25,7.54,7.64,7.44,7.56,1280156
2008-02-26,7.52,7.64,7.41,7.6,1135953
2008-02-27,7.6,7.71,7.39,7.46,1395544
2008-02-28,7.43,7.55,7.17,7.18,1063530
2008-02-29,7.11,7.11,6.7,6.78,2305071
2008-03-03,6.7,6.82,6.52,6.59,3136820
2008-03-04,6.51,6.68,6.5,6.58,2130520
2008-03-05,6.64,6.72,6.59,6.68,1498126
2008-03-06,6.63,6.8,6.17,6.24,4511138
2008-03-07,6.19,6.19,5.66,5.83,3852454
2008-03-10,5.86,5.87,5.56,5.61,3171933
2008-03-11,5.71,5.97,5.67,5.97,2999115
2008-03-12,6.02,6.05,5.81,5.87,1606676
2008-03-13,5.77,6.16,5.73,6.08,1670166
2008-03-14,6.2,6.2,5.72,5.82,1551996
2008-03-17,5.64,5.92,5.63,5.87,2314278
2008-03-18,6.05,6.25,5.92,6.23,1430078
2008-03-19,6.25,6.43,6.13,6.31,1879254
2008-03-20,6.38,6.41,6.21,6.39,2275528
2008-03-24,6.21,7.07,6.21,7.01,3571002
2008-03-25,7.18,7.22,6.96,7.06,1633158
2008-03-26,6.78,7.05,6.77,6.89,1469426
2008-03-27,6.93,7.18,6.93,7.07,1061109
2008-03-28,7.11,7.18,6.88,6.89,1247886
2008-03-31,6.99,7.09,6.93,7.03,1452312
2008-04-01,6.48,7.22,6.46,7.08,1491008
2008-04-02,7.11,7.15,7.0,7.08,1061672
2008-04-03,7.04,7.11,6.99,7.06,947322
2008-04-04,7.13,7.29,6.94,7.23,876636
2008-04-07,7.22,7.25,7.11,7.2,648832
2008-04-08,7.11,7.26,7.0,7.2,1052622
2008-04-09,7.2,7.47,7.2,7.33,1580958
2008-04-10,7.34,7.52,7.29,7.52,1342526
2008-04-11,7.41,7.54,7.33,7.33,1897020
2008-04-14,7.32,7.41,7.15,7.23,1718752
2008-04-15,7.37,7.55,7.33,7.42,1474704
2008-04-16,7.39,7.54,7.31,7.52,939650
2008-04-17,7.54,7.7,7.47,7.68,1294371
2008-04-18,7.77,7.82,7.7,7.79,2472638
2008-04-21,7.79,7.8,7.52,7.59,1051744
2008-04-22,7.55,7.56,7.22,7.4,809253
2008-04-23,7.44,7.49,7.34,7.4,2299824
2008-04-24,7.43,7.43,7.2,7.22,1102928
2008-04-25,7.26,7.46,7.1,7.14,1632501
2008-04-28,7.13,7.22,7.02,7.06,2672856
2008-04-29,7.16,7.16,6.86,7.08,2989710
2008-04-30,7.16,7.44,7.09,7.16,1638716
2008-05-01,7.7,8.08,7.49,8.04,5419044
2008-05-02,8.12,8.66,8.11,8.6,4037292
2008-05-05,8.53,8.57,8.18,8.32,1616310
2008-05-06,8.48,8.91,8.43,8.71,3961094
2008-05-07,8.69,8.69,8.41,8.46,1638819
2008-05-08,8.51,8.64,8.38,8.5,9410400
2008-05-09,8.45,8.54,8.12,8.21,2144556
2008-05-12,8.23,8.57,8.12,8.44,1631907
2008-05-13,8.44,8.51,8.31,8.32,1261809
2008-05-14,8.36,8.46,8.28,8.33,844060
2008-05-15,8.4,8.98,8.37,8.94,2863958
2008-05-16,8.98,8.98,8.6,8.86,1955264
2008-05-19,8.72,8.84,8.67,8.77,1127394
2008-05-20,8.69,8.94,8.68,8.92,1527854
2008-05-21,8.89,9.26,8.76,9.06,2179998
2008-05-22,8.92,9.22,8.9,9.13,2213451
2008-05-23,9.13,9.15,8.7,8.87,1141330
2008-05-27,8.88,9.17,8.82,9.17,1044720
2008-05-28,9.22,9.22,8.92,9.1,1130598
2008-05-29,9.1,9.56,9.1,9.52,3181095
2008-05-30,9.56,9.71,9.5,9.59,1804586
2008-06-02,9.4,9.5,9.01,9.21,1790784
2008-06-03,9.28,9.33,8.93,9.02,1925374
2008-06-04,9.12,9.4,8.92,9.2,1623092
2008-06-05,9.2,9.63,9.09,9.57,1779057
2008-06-06,9.5,9.55,9.23,9.32,1381959
2008-06-09,9.38,9.66,9.35,9.55,1732370
2008-06-10,9.44,9.5,9.1,9.44,2437186
2008-06-11,9.4,9.46,9.15,9.2,1834384
2008-06-12,9.28,9.51,9.05,9.37,1784574
2008-06-13,9.44,9.78,9.34,9.67,3140001
2008-06-16,9.65,9.82,9.59,9.8,2557742
2008-06-17,9.7,9.94,9.68,9.72,3076812
2008-06-18,9.71,9.71,9.37,9.52,3118738
2008-06-19,9.4,9.65,9.34,9.5,2555384
2008-06-20,9.43,9.59,9.29,9.55,3673040
2008-06-23,9.66,9.7,9.48,9.54,2199730
2008-06-24,9.53,9.65,9.39,9.39,1880050
2008-06-25,9.48,9.59,9.22,9.31,2387151
2008-06-26,9.17,9.25,8.64,8.67,2854755
2008-06-27,8.64,8.94,8.56,8.78,4582485
2008-06-30,8.55,8.75,8.3,8.35,3097534
2008-07-01,8.3,8.47,8.16,8.46,2274345
2008-07-02,8.46,8.62,8.24,8.3,1691006
2008-07-03,8.31,8.31,8.0,8.2,1217048
2008-07-07,8.27,8.42,8.17,8.3,2193480
2008-07-08,8.38,8.44,8.11,8.36,2647966
2008-07-09,8.42,8.71,8.14,8.2,4146696
2008-07-10,8.18,8.2,7.93,8.13,3481708
2008-07-11,8.04,8.27,7.92,8.2,2093702
2008-07-14,8.43,8.43,7.75,7.76,2440044
2008-07-15,7.68,7.68,7.27,7.46,4293428
2008-07-16,7.5,7.75,7.28,7.74,2730362
2008-07-17,7.71,7.91,7.54,7.91,2313648
2008-07-18,7.83,8.47,7.81,8.23,3051063
2008-07-21,8.22,8.39,8.13,8.26,1609830
2008-07-22,8.08,8.36,8.06,8.36,1821600
2008-07-23,8.42,8.62,8.41,8.56,1754716
2008-07-24,8.6,8.6,8.12,8.19,1984050
2008-07-25,8.24,8.7,8.14,8.69,2182208
2008-07-28,8.68,9.24,8.67,8.75,3035403
2008-07-29,8.81,8.97,8.77,8.84,1886828
2008-07-30,8.89,8.99,8.54,8.56,3883923
2008-07-31,8.56,8.56,7.02,8.08,12977590
2008-08-01,8.14,8.17,7.52,7.56,3544173
2008-08-04,7.94,7.94,7.33,7.43,2793956
2008-08-05,7.61,7.61,7.22,7.27,2650352
2008-08-06,7.6,7.6,7.26,7.54,2674665
2008-08-07,7.36,7.44,7.22,7.34,1404166
2008-08-08,7.63,7.85,7.39,7.84,2629377
2008-08-11,7.84,8.52,7.84,8.49,2710372
2008-08-12,8.56,8.72,8.23,8.71,2330392
2008-08-13,8.65,8.66,8.18,8.22,1535422
2008-08-14,8.13,8.34,8.11,8.2,849668
2008-08-15,8.28,8.51,8.15,8.43,1162984
2008-08-18,8.58,8.82,8.45,8.54,2323395
2008-08-19,8.42,8.53,8.22,8.41,1017477
2008-08-20,8.62,8.62,8.17,8.28,543200
2008-08-21,8.17,8.18,7.77,7.84,1428534
2008-08-22,7.95,7.95,7.64,7.69,1501974
2008-08-25,7.68,7.68,7.44,7.64,915093
2008-08-26,7.62,7.8,7.51,7.79,1301440
2008-08-27,7.78,7.96,7.76,7.95,1137438
2008-08-28,7.96,8.3,7.93,8.2,1674603
2008-08-29,8.15,8.17,8.06,8.11,1247508
2008-09-02,8.24,8.51,8.08,8.49,2051145
2008-09-03,8.18,8.19,7.63,7.88,3849584
2008-09-04,7.83,7.98,7.47,7.51,3440376
2008-09-05,7.51,7.64,7.22,7.62,4242056
2008-09-08,7.8,7.9,7.59,7.77,1666773
2008-09-09,7.76,7.9,7.38,7.38,2873596
2008-09-10,7.49,7.59,7.24,7.34,1926346
2008-09-11,7.27,7.31,7.13,7.23,2891128
2008-09-12,7.15,7.49,7.02,7.22,4514517
2008-09-15,7.14,7.55,6.99,7.47,2224670
2008-09-16,7.57,7.77,7.3,7.74,2968394
2008-09-17,7.62,8.02,7.51,7.9,2509024
2008-09-18,7.96,8.82,7.95,8.56,6313734
2008-09-19,9.28,9.33,8.63,8.94,6590025
2008-09-22,8.92,8.92,8.11,8.8,1309360
2008-09-23,8.7,8.88,8.22,8.84,1112742
2008-09-24,8.84,9.1,8.22,8.29,1372558
2008-09-25,8.51,8.67,8.09,8.34,1059165
2008-09-26,8.5,8.72,8.11,8.62,1238684
2008-09-29,8.47,8.88,8.23,8.43,2645595
2008-09-30,8.49,8.85,8.25,8.74,1075131
2008-10-01,8.67,9.11,8.64,9.05,1209780
2008-10-02,8.98,9.11,8.54,8.75,1862631
2008-10-03,8.84,8.86,8.0,8.08,1619982
2008-10-06,7.91,7.95,7.29,7.53,2346368
2008-10-07,7.63,7.76,7.14,7.31,1943672
2008-10-08,7.0,8.11,6.93,7.14,2766681
2008-10-09,7.25,7.57,6.72,6.74,1928925
2008-10-10,6.44,7.98,6.24,7.28,3138111
2008-10-13,7.56,7.78,7.34,7.78,1609722
2008-10-14,7.89,8.0,7.02,7.18,1471779
2008-10-15,7.11,7.17,6.82,7.04,2189637
2008-10-16,7.11,7.11,6.46,6.65,2347574
2008-10-17,6.52,6.85,6.4,6.46,2373358
2008-10-20,6.58,6.71,6.39,6.56,1489887
2008-10-21,6.53,6.64,6.34,6.37,1276114
2008-10-22,6.24,6.27,5.41,5.68,4500338
2008-10-23,5.62,5.78,5.24,5.63,2244938
2008-10-24,5.37,5.75,5.11,5.45,3010545
2008-10-27,5.49,6.12,5.25,5.52,1263114
2008-10-28,5.6,6.05,5.6,5.96,1768014
2008-10-29,5.98,6.44,5.98,6.43,1199187
2008-10-30,6.44,6.87,6.39,6.58,1411744
2008-10-31,6.53,6.6,6.32,6.44,1212016
2008-11-03,6.41,6.43,6.06,6.19,1431072
2008-11-04,6.44,6.55,6.09,6.13,1513089
2008-11-05,6.22,6.32,5.86,5.88,956925
2008-11-06,5.84,6.0,5.7,5.75,799744
2008-11-07,5.81,5.94,5.67,5.84,612558
2008-11-10,5.96,6.09,5.26,5.41,3388023
2008-11-11,5.41,5.55,5.19,5.44,2033307
2008-11-12,5.3,5.89,5.3,5.69,2771528
2008-11-13,6.16,7.18,6.01,7.09,9873770
2008-11-14,6.99,7.29,6.4,6.5,2796048
2008-11-17,6.67,7.41,6.66,6.88,3335346
2008-11-18,7.29,7.33,6.67,6.9,2547230
2008-11-19,6.82,7.2,6.39,6.42,2083154
2008-11-20,6.34,6.96,6.34,6.65,2214644
2008-11-21,6.7,7.31,6.57,7.27,2894134
2008-11-24,7.1,7.5,7.1,7.33,2993580
2008-11-25,7.44,7.67,7.24,7.65,2275470
2008-11-26,7.44,8.08,7.28,8.08,2096546
2008-11-28,8.02,8.22,7.8,8.07,1104314
2008-12-01,8.08,8.34,7.7,8.1,3462592
2008-12-02,8.22,8.25,7.87,7.92,3178930
2008-12-03,7.78,8.26,7.69,8.17,1767442
2008-12-04,8.39,8.39,7.78,7.91,1606365
2008-12-05,7.82,8.18,7.7,8.0,1118196
2008-12-08,8.11,8.15,7.92,8.03,1359855
2008-12-09,7.96,8.12,7.79,7.85,1746320
2008-12-10,8.04,8.54,7.96,8.3,2684516
2008-12-11,8.18,8.48,7.83,7.89,1563660
2008-12-12,7.78,7.9,7.55,7.86,1541102
2008-12-15,7.95,7.96,7.03,7.22,2964168
2008-12-16,7.39,7.52,7.19,7.5,2702097
2008-12-17,7.46,7.87,7.46,7.74,2222397
2008-12-18,7.78,7.92,7.68,7.87,1514196
2008-12-19,8.02,8.05,7.81,7.92,2555950
2008-12-22,8.0,8.1,7.78,8.1,1718496
2008-12-23,8.14,8.39,8.12,8.34,1318208
2008-12-24,8.3,8.38,8.19,8.3,1000881
2008-12-26,8.36,8.52,8.34,8.52,2038968
2008-12-29,8.58,8.78,8.41,8.53,2547896
2008-12-30,8.4,8.76,8.4,8.64,1511028
2008-12-31,8.67,8.78,8.52,8.6,2475729
2009-01-02,8.7,8.75,8.42,8.69,1834510
2009-01-05,8.77,8.86,8.59,8.7,1880937
2009-01-06,8.78,8.83,8.62,8.73,1799968
2009-01-07,8.64,8.83,8.47,8.56,2736504
2009-01-08,8.53,8.56,7.91,8.03,2950713
2009-01-09,7.99,8.11,7.63,7.72,2241135
2009-01-12,7.74,7.74,7.37,7.61,2231960
2009-01-13,7.58,7.68,7.31,7.38,1753335
2009-01-14,7.29,7.6,7.12,7.49,2342556
2009-01-15,7.54,7.77,7.38,7.74,1953072
2009-01-16,7.87,8.32,7.79,8.24,2754108
2009-01-20,8.22,8.49,8.1,8.26,4643752
2009-01-21,8.32,8.44,8.18,8.43,1412379
2009-01-22,8.3,8.56,8.27,8.51,1730704
2009-01-23,8.36,8.88,8.34,8.84,2340104
2009-01-26,8.71,9.02,8.66,8.79,5161270
2009-01-27,8.89,8.97,8.34,8.4,4214920
2009-01-28,8.52,8.94,8.47,8.86,5336811
2009-01-29,8.5,8.74,8.2,8.47,7843954
2009-01-30,8.47,8.63,8.38,8.5,2383542
2009-02-02,8.4,8.63,8.33,8.59,1824921
2009-02-03,8.6,9.53,8.6,9.42,5282438
2009-02-04,9.18,9.2,8.82,9.05,4848664
2009-02-05,8.98,9.2,8.84,9.13,1776938
2009-02-06,9.14,9.42,9.13,9.22,2060532
2009-02-09,9.2,9.5,9.09,9.44,2768004
2009-02-10,9.45,9.53,8.94,9.04,2848410
2009-02-11,9.0,9.2,8.8,9.0,2432938
2009-02-12,8.92,9.13,8.78,9.04,1452910
2009-02-13,9.08,9.33,9.01,9.2,1195538
2009-02-17,8.97,9.18,8.84,9.08,1383309
2009-02-18,9.42,9.42,8.78,8.93,1874848
2009-02-19,9.0,9.04,8.82,8.91,874404
2009-02-20,8.84,8.97,8.71,8.89,1906772
2009-02-23,8.67,8.89,8.04,8.1,4083980
2009-02-24,8.1,8.58,8.02,8.47,2245014
2009-02-25,8.41,8.47,8.08,8.09,2535876
2009-02-26,8.16,8.47,8.12,8.35,1724175
2009-02-27,8.24,8.45,8.16,8.3,1997784
2009-03-02,8.61,8.61,7.91,8.46,4065444
2009-03-03,8.54,8.87,8.31,8.79,3277922
2009-03-04,8.92,9.13,8.86,8.9,2690608
2009-03-05,8.9,9.08,8.82,8.88,1433300
2009-03-06,8.88,9.11,8.58,8.74,2818688
2009-03-09,8.72,8.77,8.26,8.3,1909318
2009-03-10,8.38,8.53,8.17,8.46,2325393
2009-03-11,8.54,8.72,8.3,8.4,1276173
2009-03-12,8.52,9.18,8.35,9.13,2647242
2009-03-13,9.14,9.33,8.97,9.2,1201212
2009-03-16,9.53,9.92,9.23,9.56,2947716
2009-03-17,9.46,9.61,9.33,9.56,2309440
2009-03-18,9.55,9.93,9.33,9.88,2011752
2009-03-19,10.0,10.58,9.95,10.3,2694006
2009-03-20,10.4,10.54,9.96,10.06,2245738
2009-03-23,10.18,10.6,9.97,10.45,1941075
2009-03-24,10.4,11.22,10.16,10.88,3939584
2009-03-25,11.0,11.05,10.22,10.44,2397074
2009-03-26,10.5,10.89,10.29,10.84,1664464
2009-03-27,10.73,10.73,10.45,10.48,938840
2009-03-30,10.31,10.4,10.06,10.33,1520910
2009-03-31,10.51,10.88,10.34,10.67,4110818
2009-04-01,10.63,10.76,10.19,10.37,2780176
2009-04-02,10.57,10.96,10.46,10.9,2929144
2009-04-03,10.89,11.17,10.68,11.16,2845084
2009-04-06,11.22,11.49,11.06,11.23,3023672
2009-04-07,11.11,11.38,10.96,11.16,2397564
2009-04-08,11.23,11.29,11.06,11.24,1329480
2009-04-09,11.45,11.89,11.27,11.82,3412143
2009-04-13,11.76,12.05,11.42,12.05,3135290
2009-04-14,11.99,12.09,11.82,11.97,1975252
2009-04-15,11.95,12.08,11.32,11.38,2288768
2009-04-16,11.19,11.87,11.14,11.65,2744649
2009-04-17,11.58,12.04,11.53,11.7,2572686
2009-04-20,11.58,11.76,11.49,11.64,1779610
2009-04-21,11.21,11.67,11.2,11.61,2789564
2009-04-22,11.61,12.36,11.4,12.0,4360977
2009-04-23,12.0,12.22,11.85,11.89,2247660
2009-04-24,11.89,12.09,11.77,11.84,1884195
2009-04-27,11.95,12.1,11.78,11.82,1955862
2009-04-28,11.67,12.59,11.67,12.38,3920108
2009-04-29,12.34,12.62,11.58,11.72,6154173
2009-04-30,14.08,17.58,14.01,16.07,28453702
2009-05-01,15.78,17.38,15.72,16.0,10374849
2009-05-04,15.56,16.45,15.42,16.37,5290074
2009-05-05,16.49,16.77,16.27,16.57,3136414
2009-05-06,16.44,17.07,16.28,16.66,3988440
2009-05-07,16.93,16.98,16.32,16.6,2271735
2009-05-08,16.87,18.54,16.67,17.89,6236703
2009-05-11,17.77,18.97,17.56,18.65,6813040
2009-05-12,18.89,18.89,17.74,17.78,4410270
2009-05-13,17.69,17.72,16.98,17.37,3283146
2009-05-14,17.23,17.99,16.93,17.72,3155836
2009-05-15,17.78,17.87,17.27,17.29,2122970
2009-05-18,17.37,17.83,17.0,17.66,2524770
2009-05-19,18.22,18.22,17.48,17.85,2068821
2009-05-20,18.14,18.51,17.64,17.65,1940522
2009-05-21,17.36,17.8,17.24,17.56,1853842
2009-05-22,17.67,18.09,17.67,17.73,1964290
2009-05-26,17.89,18.76,17.75,18.41,3171645
2009-05-27,18.55,19.42,17.9,18.02,4909000
2009-05-28,18.44,18.56,18.0,18.29,2326288
2009-05-29,18.41,18.66,18.22,18.5,1845405
2009-06-01,18.0,18.82,17.95,18.5,4384066
2009-06-02,18.44,19.4,18.13,18.94,2930090
2009-06-03,18.96,18.96,18.28,18.78,2062858
2009-06-04,19.0,20.22,18.92,19.95,6754068
2009-06-05,20.16,20.75,20.02,20.32,5124591
2009-06-08,20.44,21.0,20.12,20.79,5373009
2009-06-09,20.88,21.23,20.23,20.86,3908355
2009-06-10,21.02,21.11,19.98,20.41,3712074
2009-06-11,20.4,20.93,20.27,20.53,1889793
2009-06-12,20.54,20.57,19.77,20.14,2158065
2009-06-15,19.92,19.99,18.92,19.1,4449339
2009-06-16,19.09,19.66,18.52,18.84,5020716
2009-06-17,18.66,19.08,18.27,18.72,3205836
2009-06-18,18.65,18.86,18.37,18.67,2455527
2009-06-19,18.9,19.15,18.54,18.84,3843231
2009-06-22,18.34,18.49,17.42,17.69,7438104
2009-06-23,17.83,18.13,17.22,17.46,3634605
2009-06-24,17.52,18.73,17.52,18.51,4288014
2009-06-25,18.52,19.26,18.09,18.96,4402734
2009-06-26,19.04,19.97,18.6,18.69,14319582
2009-06-29,19.0,19.71,18.87,19.52,4562391
2009-06-30,19.81,19.83,19.24,19.71,4309020
2009-07-01,20.37,20.64,19.67,20.02,3902820
2009-07-02,19.73,19.73,19.14,19.48,3743898
2009-07-06,19.0,19.17,18.81,19.17,3634182
2009-07-07,19.16,19.16,18.7,18.72,2396964
2009-07-08,18.71,18.8,18.18,18.55,3110952
2009-07-09,18.73,19.33,18.64,18.84,3100956
2009-07-10,18.77,18.95,18.47,18.81,2813733
2009-07-13,19.02,19.1,17.73,18.7,3358557
2009-07-14,18.7,19.75,18.5,19.52,3727236
2009-07-15,19.77,20.5,19.57,20.2,3909801
2009-07-16,20.5,20.53,20.14,20.22,2513244
2009-07-17,20.25,20.42,19.97,20.05,1813380
2009-07-20,20.52,22.44,20.22,22.34,11252826
2009-07-21,22.53,22.61,21.55,22.03,5543022
2009-07-22,22.18,22.4,21.84,21.91,2314581
2009-07-23,22.15,23.25,21.88,22.93,4651179
2009-07-24,22.69,23.09,22.26,22.88,2781177
2009-07-27,23.33,23.33,22.3,22.58,2886039
2009-07-28,22.92,23.11,22.34,22.5,4480158
2009-07-29,22.59,22.63,21.75,21.97,6381012
2009-07-30,20.75,24.0,20.18,22.92,17865972
2009-07-31,22.53,24.0,22.5,23.48,5487258
2009-08-03,22.8,22.83,21.72,22.49,7032483
2009-08-04,22.21,22.45,21.97,22.25,2767629
2009-08-05,22.46,22.91,22.19,22.79,3684168
2009-08-06,22.51,23.08,22.2,22.63,5113509
2009-08-07,22.42,24.0,22.4,23.3,13339044
2009-08-10,23.19,23.3,22.53,22.66,2512455
2009-08-11,22.67,22.72,21.75,21.95,3739734
2009-08-12,21.93,22.17,21.02,21.61,4387155
2009-08-13,21.69,22.06,21.14,21.58,3159372
2009-08-14,21.44,21.64,20.5,21.12,4265385
2009-08-17,20.44,20.49,19.38,19.48,8736351
2009-08-18,19.48,19.92,18.88,19.61,4682883
2009-08-19,18.98,19.19,18.11,18.54,10564383
2009-08-20,18.54,19.68,18.41,19.5,6706458
2009-08-21,19.54,19.91,19.38,19.45,4314963
2009-08-24,19.62,19.77,19.51,19.62,3140730
2009-08-25,19.83,20.48,19.67,20.16,4119531
2009-08-26,20.16,20.33,19.73,19.8,3844725
2009-08-27,19.82,20.02,19.61,19.9,2857527
2009-08-28,20.17,20.25,19.95,20.12,1708749
2009-08-31,20.0,20.06,19.74,20.06,2859309
2009-09-01,20.13,20.33,19.1,19.28,4049514
2009-09-02,19.48,19.69,19.0,19.53,2164374
2009-09-03,19.54,19.82,19.23,19.46,1488378
2009-09-04,19.37,19.63,19.19,19.53,1552992
2009-09-08,19.46,20.12,19.43,19.79,2957781
2009-09-09,19.62,19.99,19.3,19.81,2537118
2009-09-10,19.81,19.89,19.68,19.87,1115706
2009-09-11,19.87,20.98,19.84,20.82,4303437
2009-09-14,20.66,21.92,20.35,21.77,4576836
2009-09-15,21.87,21.89,21.43,21.62,2103228
2009-09-16,21.63,22.7,21.57,22.59,3563388
2009-09-17,22.67,23.3,22.47,22.51,3139416
2009-09-18,22.63,23.03,22.09,22.96,3572847
2009-09-21,23.1,23.77,22.7,23.4,3825717
2009-09-22,23.71,23.81,22.5,22.93,3885177
2009-09-23,23.02,23.17,22.29,22.37,3011892
2009-09-24,22.39,22.61,21.63,22.03,2157018
2009-09-25,21.94,23.16,21.67,22.98,3597831
2009-09-28,22.98,25.0,22.81,24.43,10865094
2009-09-29,24.83,25.3,24.22,24.3,5684655
2009-09-30,24.56,24.97,23.88,24.61,3752907
2009-10-01,24.82,24.95,23.51,23.6,3677055
2009-10-02,23.14,23.6,22.41,23.19,4030521
2009-10-05,23.34,23.95,23.12,23.7,2773464
2009-10-06,24.15,24.67,23.36,23.76,3193056
2009-10-07,23.6,24.38,23.59,23.96,2769852
2009-10-08,24.12,24.66,23.69,24.2,2818146
2009-10-09,24.0,24.57,24.0,24.48,1711080
2009-10-12,24.53,24.59,23.62,24.01,2716986
2009-10-13,24.0,24.17,23.6,23.92,1289439
2009-10-14,24.3,24.77,23.92,24.22,4579275
2009-10-15,24.19,24.51,23.97,24.45,1832463
2009-10-16,24.17,24.6,23.81,24.45,2230368
2009-10-19,24.6,25.7,24.6,25.3,6072942
2009-10-20,25.39,26.41,25.1,25.83,5247351
2009-10-21,25.79,26.19,24.88,24.97,3126120
2009-10-22,24.95,25.04,24.22,24.74,2600817
2009-10-23,24.93,25.41,24.67,24.88,1849722
2009-10-26,25.23,25.61,24.42,24.59,2066895
2009-10-27,24.39,24.56,23.02,23.64,3987963
2009-10-28,23.07,23.32,22.27,22.39,4919868
2009-10-29,22.61,23.08,22.17,22.83,3104832
2009-10-30,22.83,22.93,21.76,22.18,3270795
2009-11-02,21.94,22.64,21.75,22.32,3214146
2009-11-03,23.23,23.23,22.35,22.92,4221276
2009-11-04,23.1,23.2,22.21,22.27,2787750
2009-11-05,22.64,22.73,22.26,22.68,2794914
2009-11-06,22.62,22.88,22.34,22.54,1870629
2009-11-09,22.82,23.68,22.54,23.56,3272283
2009-11-10,23.77,24.7,23.62,24.38,5435925
2009-11-11,25.16,25.5,24.76,25.3,10282569
2009-11-12,22.68,23.57,22.18,22.78,22787925
2009-11-13,23.2,23.41,22.41,22.82,6145530
2009-11-16,22.9,23.42,22.64,23.32,4828950
2009-11-17,23.18,23.32,22.92,22.93,2245128
2009-11-18,22.83,23.0,21.71,21.95,6672864
2009-11-19,21.74,21.89,21.11,21.71,5185515
2009-11-20,21.44,21.81,21.44,21.67,2889753
2009-11-23,21.99,22.13,21.51,21.81,3838632
2009-11-24,21.89,21.89,20.91,21.32,4891953
2009-11-25,21.33,21.43,20.99,21.12,2350707
2009-11-27,20.64,21.39,20.62,20.98,2265684
2009-11-30,20.88,21.0,20.7,20.99,3606852
2009-12-01,21.17,21.3,20.63,20.68,4331598
2009-12-02,20.7,20.83,20.13,20.3,6159912
2009-12-03,20.23,20.55,19.93,19.98,3166092
2009-12-04,20.27,20.67,19.97,20.4,3778758
2009-12-07,20.26,20.61,19.87,20.13,3187830
2009-12-08,20.32,21.22,20.22,20.94,6556005
2009-12-09,21.09,21.28,20.34,20.57,4845126
2009-12-10,20.71,21.32,20.61,21.16,4490976
2009-12-11,21.48,22.16,21.4,21.82,5495883
2009-12-14,22.16,22.23,21.84,22.05,2610771
2009-12-15,22.03,22.07,21.57,21.98,2826795
2009-12-16,22.1,22.27,21.94,22.1,2404125
2009-12-17,22.0,22.56,21.94,22.51,4247967
2009-12-18,22.65,23.13,22.17,23.08,17395569
2009-12-21,23.15,23.23,22.63,22.93,4982367
2009-12-22,22.86,23.45,22.76,23.44,2522151
2009-12-23,23.57,24.23,23.47,24.21,3022761
2009-12-24,24.22,24.53,24.01,24.23,980418
2009-12-28,24.36,25.99,24.34,25.89,7301310
2009-12-29,26.16,26.78,25.9,26.66,5941596
2009-12-30,26.51,26.74,26.34,26.67,2802093
2009-12-31,26.52,27.65,26.52,27.16,5715840
2010-01-04,27.46,27.48,26.7,27.1,4754445
2010-01-05,27.3,28.35,27.08,27.59,5485128
2010-01-06,27.55,28.01,27.53,27.65,3023562
2010-01-07,27.71,27.86,26.9,27.19,3423720
2010-01-08,27.16,27.39,26.78,27.28,3732576
2010-01-11,27.56,27.65,26.75,27.14,2908974
2010-01-12,26.89,27.0,26.4,26.87,3428718
2010-01-13,27.39,28.66,27.11,28.56,6000135
2010-01-14,28.63,28.66,26.77,27.08,6913458
2010-01-15,27.33,27.33,26.48,26.8,4617174
2010-01-19,26.91,27.73,26.91,27.63,4491129
2010-01-20,27.44,27.49,26.89,26.89,3115752
2010-01-21,27.03,27.46,26.2,26.64,4860264
2010-01-22,26.51,27.58,26.04,27.05,5205675
2010-01-25,27.23,27.47,26.5,26.66,3876246
2010-01-26,26.74,27.13,26.38,26.75,2918211
2010-01-27,26.93,27.05,26.42,26.67,5404098
2010-01-28,27.64,29.38,27.57,29.2,14402979
2010-01-29,29.33,29.55,28.17,28.27,6114441
2010-02-01,28.11,28.65,27.53,28.14,3693405
2010-02-02,28.15,28.77,28.11,28.69,3646989
2010-02-03,28.67,28.76,28.26,28.58,2019027
2010-02-04,28.44,28.44,27.53,27.56,2256186
2010-02-05,27.49,27.55,26.6,27.53,3039522
2010-02-08,27.62,27.87,26.75,26.78,3378333
2010-02-09,27.06,27.73,26.64,27.55,4017513
2010-02-10,27.57,27.76,26.96,27.51,2977881
2010-02-11,27.5,27.96,27.18,27.67,3012075
2010-02-12,27.48,27.91,27.08,27.9,2785203
2010-02-16,28.16,28.26,27.44,27.6,2914101
2010-02-17,27.53,27.92,27.18,27.77,2636658
2010-02-18,27.8,27.85,27.53,27.83,1394949
2010-02-19,27.8,27.98,27.5,27.8,1789518
2010-02-22,28.08,28.08,27.49,27.53,1907691
2010-02-23,27.55,27.8,26.89,27.04,2664792
2010-02-24,27.75,28.36,27.68,28.15,7510185
2010-02-25,27.88,28.0,27.4,27.97,3100668
2010-02-26,28.1,28.17,27.84,28.13,2041443
2010-03-01,28.26,28.27,27.52,27.87,3643287
2010-03-02,27.97,29.92,27.83,29.3,11916804
2010-03-03,29.7,29.77,28.81,29.08,3922065
2010-03-04,29.08,29.27,28.63,29.11,1879008
2010-03-05,29.48,29.52,29.07,29.25,1778304
2010-03-08,29.49,31.22,29.38,30.81,6742908
2010-03-09,30.93,31.59,30.24,30.4,3761643
2010-03-10,30.49,31.18,30.29,30.72,2344929
2010-03-11,30.9,30.92,30.35,30.79,1774719
2010-03-12,30.86,31.14,30.52,30.88,1600221
2010-03-15,31.0,31.55,30.37,31.03,3456471
2010-03-16,30.97,31.37,30.69,31.31,2219760
2010-03-17,31.44,32.81,31.26,32.54,5704893
2010-03-18,32.73,32.77,31.94,32.27,2295345
2010-03-19,32.27,32.33,31.18,31.3,3427962
2010-03-22,30.99,32.21,30.61,31.93,2921565
2010-03-23,32.09,32.1,31.33,31.82,1823682
2010-03-24,31.84,32.27,31.53,31.71,2214858
2010-03-25,31.96,32.26,31.19,31.25,2994513
2010-03-26,31.12,31.81,30.96,31.04,1877160
2010-03-29,31.19,31.56,30.76,31.34,1688361
2010-03-30,31.46,31.72,30.96,31.29,1427280
2010-03-31,31.13,32.83,31.0,32.29,5174001
2010-04-05,32.18,32.42,31.73,32.31,1564539
2010-04-06,32.17,33.06,32.17,32.55,2456694
2010-04-07,32.53,32.67,31.81,31.99,2387997
2010-04-08,31.93,32.4,31.52,32.12,1980510
2010-04-09,32.17,32.81,31.74,32.19,2895597
2010-04-12,32.38,32.57,31.91,32.04,2062401
2010-04-13,31.96,32.1,31.63,31.94,1727124
2010-04-14,32.0,32.44,31.52,31.87,2736987
2010-04-15,31.27,31.92,30.42,31.73,5086707
2010-04-16,31.73,32.41,31.25,31.45,3541587
2010-04-19,31.21,31.29,29.82,30.23,4927629
2010-04-20,30.24,30.33,27.51,28.03,16583601
2010-04-21,27.74,28.21,26.9,27.97,8435358
2010-04-22,28.47,29.55,28.09,29.35,6175143
2010-04-23,29.28,29.5,28.85,29.1,2706192
2010-04-26,28.89,29.38,28.86,28.99,2223672
2010-04-27,29.07,29.27,28.25,28.31,3825270
2010-04-28,28.33,29.06,27.9,28.97,13964286
2010-04-29,26.29,26.93,25.57,25.84,23184033
2010-04-30,25.67,25.83,24.2,24.25,11085537
2010-05-03,24.14,24.96,23.53,24.55,8409723
2010-05-04,24.43,24.99,24.42,24.79,7249533
2010-05-05,24.42,25.26,23.91,24.83,4617456
2010-05-06,24.83,25.3,22.93,24.05,8413200
2010-05-07,23.82,24.43,22.78,23.82,5951889
2010-05-10,24.67,24.96,24.32,24.95,4383987
2010-05-11,25.17,25.88,24.85,25.5,4251657
2010-05-12,25.96,26.26,25.67,26.16,3182181
2010-05-13,26.38,26.47,25.84,25.92,3014049
2010-05-14,25.81,25.81,25.18,25.28,3189549
2010-05-17,25.42,25.47,22.85,23.51,11496993
2010-05-18,23.9,24.05,23.01,23.7,4592444
2010-05-19,23.48,23.95,23.25,23.78,3288981
2010-05-20,23.12,23.55,22.9,23.06,3766157
2010-05-21,22.68,24.08,22.51,23.32,4691414
2010-05-24,23.24,24.04,23.22,23.42,2557170
2010-05-25,22.99,23.41,22.66,23.35,3399405
2010-05-26,23.61,24.19,23.35,23.4,2942148
2010-05-27,24.01,24.35,24.0,24.24,2800379
2010-05-28,24.18,24.96,23.61,23.65,2937290
2010-06-01,23.55,24.01,23.11,23.54,2229193
2010-06-02,23.75,24.16,23.55,24.14,1647755
2010-06-03,24.15,24.45,23.76,24.12,2533574
2010-06-04,23.64,24.18,23.3,23.47,2387557
2010-06-07,23.58,24.47,22.67,22.72,3414581
2010-06-08,22.65,22.86,21.83,22.53,4091120
2010-06-09,22.63,23.37,22.5,23.07,2886963
2010-06-10,23.33,23.98,23.27,23.79,2209798
2010-06-11,23.65,23.89,23.29,23.81,1567748
2010-06-14,23.96,25.22,23.86,25.1,3287434
2010-06-15,25.47,27.34,25.21,26.64,6642020
2010-06-16,26.53,26.88,26.14,26.7,2524392
2010-06-17,27.15,27.27,26.5,27.27,1867351
2010-06-18,27.21,27.35,26.82,27.3,2654760
2010-06-21,27.52,28.12,26.97,27.25,3719842
2010-06-22,27.18,27.19,26.36,26.4,2753223
2010-06-23,26.44,26.49,25.75,26.12,2016843
2010-06-24,26.1,26.22,25.42,26.09,2310822
2010-06-25,26.21,27.49,26.18,27.21,2844051
2010-06-28,27.29,27.45,26.68,26.77,1347408
2010-06-29,26.1,26.16,25.41,25.62,1558141
2010-06-30,25.49,26.07,25.25,25.7,1888642
2010-07-01,25.61,26.05,24.84,25.98,1827576
2010-07-02,26.0,26.42,25.5,26.01,1069274
2010-07-06,26.32,26.75,25.61,25.82,1565967
2010-07-07,25.82,26.6,25.38,26.6,1531187
2010-07-08,26.75,26.75,26.1,26.48,1057135
2010-07-09,26.43,27.22,26.43,27.15,1228131
2010-07-12,27.1,27.1,26.31,26.65,841126
2010-07-13,26.87,27.4,26.45,27.21,1678408
2010-07-14,27.07,27.21,26.79,27.03,836604
2010-07-15,27.0,28.83,26.72,28.65,2707621
2010-07-16,28.53,28.84,27.69,27.83,2038104
2010-07-19,28.05,28.66,27.64,28.46,1618085
2010-07-20,28.06,29.36,28.01,29.34,1897836
2010-07-21,29.58,29.73,28.7,28.87,1633380
2010-07-22,28.68,30.12,28.67,29.96,2316012
2010-07-23,29.84,30.11,29.32,29.35,2349616
2010-07-26,29.15,29.7,28.71,29.58,2586155
2010-07-27,29.62,29.85,28.67,29.05,2043709
2010-07-28,29.0,29.27,28.0,28.67,3976922
2010-07-29,29.74,31.6,29.6,31.36,7729580
2010-07-30,31.34,31.34,30.51,30.79,3657361
2010-08-02,30.98,31.19,29.9,30.36,2846656
2010-08-03,30.45,30.85,29.85,30.59,1686855
2010-08-04,30.7,31.1,30.65,31.01,1989079
2010-08-05,30.97,31.13,30.62,30.83,1086849
2010-08-06,30.63,31.15,30.34,30.73,840423
2010-08-09,31.06,32.15,30.91,31.95,3069493
2010-08-10,31.41,31.7,31.1,31.46,1524031
2010-08-11,31.08,33.02,30.65,30.99,4933988
2010-08-12,30.58,31.59,30.35,30.96,2012271
2010-08-13,31.0,31.81,30.84,30.91,2240696
2010-08-16,30.82,32.33,30.5,32.28,2298651
2010-08-17,32.75,33.98,32.36,33.31,4042928
2010-08-18,33.55,33.74,32.55,32.64,2025634
2010-08-19,32.71,33.18,32.26,32.45,2134355
2010-08-20,32.39,32.62,31.95,32.46,1736570
2010-08-23,32.71,33.17,32.46,32.75,1618647
2010-08-24,32.19,32.48,31.49,31.56,2045846
2010-08-25,31.02,31.35,29.29,31.11,4593242
2010-08-26,31.14,31.2,30.21,30.44,2408327
2010-08-27,30.51,30.76,29.88,30.58,1652666
2010-08-30,30.28,30.6,29.87,30.18,1478478
2010-08-31,29.74,31.0,29.64,30.82,4402767
2010-09-01,31.3,31.37,30.61,30.84,1623940
2010-09-02,30.84,31.46,30.69,31.33,1281621
2010-09-03,31.67,32.19,31.52,31.97,1494693
2010-09-07,31.89,31.99,31.13,31.21,1240272
2010-09-08,31.56,34.2,31.56,33.58,6176057
2010-09-09,34.29,34.98,33.8,34.14,3723624
2010-09-10,34.3,34.48,34.0,34.19,1567802
2010-09-13,34.85,35.94,34.8,35.24,3696173
2010-09-14,35.0,35.15,34.54,34.59,2107107
2010-09-15,34.55,35.94,34.36,35.57,2557118
2010-09-16,35.6,35.89,35.23,35.69,1741423
2010-09-17,35.91,35.91,34.92,35.43,2606577
2010-09-20,35.55,36.55,35.26,35.97,2847563
2010-09-21,36.0,37.32,35.99,37.0,3474747
2010-09-22,37.24,37.31,35.63,35.81,2375309
2010-09-23,35.35,36.25,34.73,35.78,1721453
2010-09-24,36.25,36.78,35.97,36.22,1606451
2010-09-27,36.14,37.89,36.0,37.55,3109407
2010-09-28,37.86,37.97,36.62,37.01,3973270
2010-09-29,31.62,32.18,30.55,31.06,31468145
2010-09-30,31.01,32.44,30.86,31.19,9967516
2010-10-01,30.02,30.68,27.47,29.57,20703798
2010-10-04,29.07,29.49,28.3,28.41,7558275
2010-10-05,28.75,29.74,28.42,29.34,4983041
2010-10-06,29.3,29.66,28.52,28.67,2716230
2010-10-07,28.75,29.16,28.0,28.04,4009828
2010-10-08,27.73,27.75,26.14,26.98,8317849
2010-10-11,26.69,27.5,26.6,26.87,2949085
2010-10-12,26.46,29.22,26.42,28.81,7589627
2010-10-13,29.59,29.85,29.02,29.54,4461421
2010-10-14,29.7,30.49,29.51,29.89,5404989
2010-10-15,30.23,30.3,29.02,29.99,4708416
2010-10-18,29.95,30.96,29.2,30.37,3416769
2010-10-19,30.09,31.04,29.92,30.45,3023749
2010-10-20,30.67,31.58,30.55,31.31,3534909
2010-10-21,31.54,31.74,30.87,31.09,3251759
2010-10-22,30.86,31.4,30.75,31.29,2144633
2010-10-25,31.23,31.83,31.09,31.6,2165599
2010-10-26,31.31,32.68,31.1,32.19,2696132
2010-10-27,32.3,33.33,32.3,32.95,3861092
2010-10-28,33.38,33.69,32.64,32.94,2457558
2010-10-29,32.81,33.3,32.75,32.99,1768352
2010-11-01,33.49,33.7,33.1,33.68,1848634
2010-11-02,33.73,35.1,33.7,35.0,2456250
2010-11-03,35.08,35.08,33.77,34.29,3132695
2010-11-04,34.72,34.83,33.84,33.88,2713332
2010-11-05,33.96,35.25,33.95,34.63,3077406
2010-11-08,34.73,34.73,34.1,34.4,1683268
2010-11-09,34.41,34.89,34.04,34.2,1749344
2010-11-10,34.11,34.17,32.67,33.6,2947703
2010-11-11,32.78,32.86,31.42,32.65,3436524
2010-11-12,32.0,32.0,31.05,31.45,5764870
2010-11-15,31.62,31.71,31.17,31.38,2147232
2010-11-16,31.08,31.2,30.66,30.87,2293435
2010-11-17,30.7,31.81,30.55,31.19,2428027
2010-11-18,31.31,31.46,30.75,30.88,3187773
2010-11-19,30.79,31.04,29.55,30.26,7527914
2010-11-22,33.51,36.34,33.32,35.78,19029807
2010-11-23,35.01,35.6,34.68,34.98,4916964
2010-11-24,35.21,35.99,35.2,35.89,3304584
2010-11-26,35.67,37.69,35.55,37.63,2750019
2010-11-29,37.63,37.8,36.74,37.04,4962245
2010-11-30,36.81,38.86,36.61,37.08,6019931
2010-12-01,37.85,37.88,35.67,36.2,3763242
2010-12-02,36.3,36.45,34.89,35.8,3877150
2010-12-03,35.7,36.42,35.57,36.28,1942307
2010-12-06,36.29,36.65,34.9,35.15,3897543
2010-12-07,35.98,38.05,35.68,37.72,8217115
2010-12-08,37.68,38.31,36.72,37.29,2795976
2010-12-09,37.6,37.88,36.63,37.42,8158894
2010-12-10,32.49,34.34,32.38,33.81,20529001
2010-12-13,34.19,34.28,31.9,31.96,6893982
2010-12-14,32.15,32.35,31.63,31.75,4404242
2010-12-15,31.79,32.6,31.64,31.68,3005323
2010-12-16,31.77,31.84,31.21,31.57,2851289
2010-12-17,31.51,32.36,31.5,31.84,3009732
2010-12-20,31.99,33.08,31.6,33.05,3562806
2010-12-21,33.24,33.6,32.78,33.12,2772538
2010-12-22,33.0,33.4,32.39,32.44,1740306
2010-12-23,32.36,32.78,32.2,32.5,1339015
2010-12-27,32.45,32.47,32.05,32.14,924429
2010-12-28,32.16,32.29,31.91,31.93,1198462
2010-12-29,32.02,32.6,31.85,32.48,1920887
2010-12-30,32.38,33.05,32.35,32.79,1068157
2010-12-31,32.78,33.22,32.59,32.86,1786889
2011-01-03,33.04,35.21,33.03,34.45,3976248
2011-01-04,34.58,34.9,33.38,33.6,2541496
2011-01-05,33.68,34.28,33.37,34.14,1441204
2011-01-06,34.42,34.93,34.02,34.63,2162553
2011-01-07,34.33,35.99,34.28,35.92,4057006
2011-01-10,35.61,36.3,35.04,35.85,1794315
2011-01-11,36.0,36.38,34.83,34.87,1955452
2011-01-12,35.12,35.59,34.47,35.33,1454380
2011-01-13,35.21,35.66,35.17,35.47,722553
2011-01-14,35.36,35.45,34.84,35.33,1139839
2011-01-18,35.37,35.67,34.68,35.3,1603952
2011-01-19,35.15,35.24,34.21,34.53,1823711
2011-01-20,34.23,34.43,33.67,34.11,1456747
2011-01-21,34.22,34.58,33.78,34.47,1338175
2011-01-24,34.34,35.3,33.92,35.17,2721403
2011-01-25,35.04,35.04,34.12,34.8,2725961
2011-01-26,34.99,35.45,34.45,35.37,2079384
2011-01-27,34.85,35.18,34.03,34.67,2952194
2011-01-28,34.62,34.95,33.69,33.76,3088354
2011-01-31,33.95,34.26,33.1,33.58,2265786
2011-02-01,33.73,34.19,33.17,33.25,3277162
2011-02-02,33.22,33.41,32.73,32.96,6416434
2011-02-03,38.05,39.35,37.3,37.78,17106856
2011-02-04,37.95,39.67,37.58,39.61,4869239
2011-02-07,39.58,41.28,39.35,39.63,5398854
2011-02-08,39.68,41.04,39.39,40.9,3546111
2011-02-09,40.63,41.15,40.33,40.83,1763119
2011-02-10,40.55,41.45,40.48,41.36,1197920
2011-02-11,41.1,43.85,41.0,43.46,4062554
2011-02-14,42.14,47.81,41.53,46.35,14248415
2011-02-15,45.7,46.83,43.07,43.53,9055495
2011-02-16,43.5,44.13,42.27,44.1,5302031
2011-02-17,44.13,44.74,40.16,40.71,11632505
2011-02-18,41.41,42.7,41.24,41.81,4856837
2011-02-22,42.98,43.35,40.54,41.1,4270475
2011-02-23,41.06,41.69,40.29,40.57,1825618
2011-02-24,40.63,41.99,40.35,41.48,2069518
2011-02-25,41.29,41.72,39.23,41.57,6013979
2011-02-28,41.76,42.3,40.51,40.78,3488983
2011-03-01,41.04,41.46,40.23,40.35,2266301
2011-03-02,40.42,41.46,40.01,40.59,2114516
2011-03-03,40.96,42.1,40.88,42.01,1842242
2011-03-04,41.83,42.2,41.3,41.75,1681645
2011-03-07,42.05,42.72,40.28,41.27,2411291
2011-03-08,41.48,41.78,40.92,40.95,2051011
2011-03-09,41.58,44.09,41.39,43.64,4950681
2011-03-10,55.59,62.37,54.73,61.71,42276945
2011-03-11,60.56,60.66,57.82,58.86,10894820
2011-03-14,58.26,59.78,57.53,59.02,4528196
2011-03-15,57.67,59.89,57.47,58.99,3356357
2011-03-16,58.73,62.21,58.64,61.4,5436473
2011-03-17,62.51,62.84,60.26,61.25,2578679
2011-03-18,61.52,62.65,59.88,60.71,2713226
2011-03-21,61.45,62.12,60.57,61.57,1721513
2011-03-22,61.65,62.35,61.18,61.97,2258889
2011-03-23,61.75,63.85,61.2,63.06,4062365
2011-03-24,62.52,62.99,59.75,62.63,5398526
2011-03-25,62.74,63.77,61.91,62.65,2171749
2011-03-28,63.06,64.33,62.47,62.7,1411903
2011-03-29,63.51,64.26,62.8,64.13,2337422
2011-03-30,64.56,64.86,63.5,63.96,1554516
2011-03-31,63.74,65.0,63.44,64.61,2330959
2011-04-01,64.51,65.0,63.67,64.77,2672453
2011-04-04,64.68,66.62,64.24,66.53,2716593
2011-04-05,66.49,66.93,65.45,66.25,2316626
2011-04-06,66.5,67.63,64.69,64.89,2379306
2011-04-07,64.7,65.4,64.5,65.0,1340503
2011-04-08,64.89,65.76,64.02,64.74,1763319
2011-04-11,64.77,65.13,64.1,65.08,1588715
2011-04-12,64.89,67.0,64.89,66.84,2586997
2011-04-13,67.08,67.17,65.53,66.8,3312319
2011-04-14,66.59,67.09,64.85,65.67,2200467
2011-04-15,65.55,66.06,64.74,65.63,1663755
2011-04-18,65.07,65.22,63.05,64.16,2041697
2011-04-19,64.39,65.74,63.55,65.63,1973408
2011-04-20,66.16,66.31,64.48,65.35,1908766
2011-04-21,65.91,66.02,65.05,65.64,1232103
2011-04-25,65.44,65.95,65.36,65.9,1205133
2011-04-26,65.89,66.11,65.14,65.52,1419950
2011-04-27,65.33,65.72,63.19,64.0,2056908
2011-04-28,63.93,65.75,63.51,65.4,1497089
2011-04-29,65.31,67.22,65.0,66.96,1773570
2011-05-02,67.43,68.03,65.88,66.36,1706075
2011-05-03,66.12,66.13,63.71,64.07,4611797
2011-05-04,75.28,78.45,75.0,75.98,11382115
2011-05-05,75.39,76.36,73.5,73.67,4878404
2011-05-06,71.92,75.93,71.82,75.88,8843467
2011-05-09,75.56,77.62,74.77,76.5,3369901
2011-05-10,76.85,76.97,75.43,75.75,1981558
2011-05-11,75.61,75.79,74.01,75.0,1668975
2011-05-12,74.97,76.58,74.07,76.44,1742036
2011-05-13,76.26,76.57,74.91,75.56,1364650
2011-05-16,76.15,76.24,73.8,74.03,1642357
2011-05-17,73.72,75.43,73.67,74.28,2002849
2011-05-18,74.34,76.7,73.72,76.51,1688969
2011-05-19,76.68,77.15,75.79,77.02,1695250
2011-05-20,77.0,77.08,75.24,76.65,1597841
2011-05-23,75.69,79.0,75.52,78.18,3578968
2011-05-24,78.81,79.91,77.92,79.75,3070454
2011-05-25,79.28,81.49,79.26,81.32,3668369
2011-05-26,81.5,83.11,80.58,82.99,7478424
2011-05-27,83.42,83.75,81.69,82.54,2408209
2011-05-31,83.4,83.55,81.28,82.37,8672506
2011-06-01,82.48,82.66,79.59,79.9,1962697
2011-06-02,80.21,80.9,78.87,79.52,1703591
2011-06-03,78.6,80.12,78.3,79.3,1285310
2011-06-06,79.72,80.06,77.72,78.1,2157213
2011-06-07,78.5,78.6,75.61,76.47,2593855
2011-06-08,76.09,77.45,75.47,75.97,1548046
2011-06-09,76.09,77.1,75.43,76.16,1347273
2011-06-10,76.39,76.4,73.27,74.05,1747652
2011-06-13,74.4,76.13,73.9,76.01,1763523
2011-06-14,76.6,79.93,76.15,79.84,2310121
2011-06-15,79.35,81.06,79.1,79.85,2492479
2011-06-16,79.86,81.18,79.18,80.27,2086864
2011-06-17,81.73,81.73,79.35,80.1,2693022
2011-06-20,80.03,80.5,78.85,79.98,1971989
2011-06-21,80.42,83.62,79.45,82.9,1892737
2011-06-22,82.9,85.37,82.75,83.75,1964351
2011-06-23,82.99,84.99,82.75,84.89,1737748
2011-06-24,85.0,85.0,82.74,83.43,1853272
2011-06-27,83.56,85.34,83.5,84.94,1451887
2011-06-28,85.88,88.72,85.25,88.69,1782052
2011-06-29,88.91,88.98,83.4,88.68,1964175
2011-06-30,89.1,90.01,88.68,89.26,1487807
2011-07-01,89.61,90.94,89.16,90.35,1189282
2011-07-05,90.48,92.97,90.35,91.97,2026298
2011-07-06,91.97,93.72,91.38,93.45,2209621
2011-07-07,94.01,95.71,93.8,95.14,2391160
2011-07-08,94.16,96.91,93.82,96.2,2127290
2011-07-11,95.41,96.42,93.83,94.6,1373331
2011-07-12,93.4,93.99,88.93,89.76,4353470
2011-07-13,90.51,91.72,89.5,90.53,2211864
2011-07-14,90.41,91.52,88.11,88.31,2015931
2011-07-15,88.56,90.09,87.31,90.06,1275343
2011-07-18,89.4,90.36,87.66,88.96,1409009
2011-07-19,90.07,94.65,89.89,94.58,1946410
2011-07-20,94.65,94.65,91.24,93.4,1639759
2011-07-21,94.5,95.19,92.5,93.04,1958836
2011-07-22,93.14,93.22,91.5,92.71,1145626
2011-07-25,90.95,93.85,90.6,91.76,1305670
2011-07-26,92.14,92.7,91.61,92.06,2673399
2011-07-27,92.45,92.91,87.66,88.11,5189543
2011-07-28,103.76,107.27,101.57,102.57,9243804
2011-07-29,101.73,104.99,100.6,103.95,2631143
2011-08-01,107.21,107.95,101.55,107.92,3764711
2011-08-02,107.49,109.37,105.03,109.33,4977742
2011-08-03,109.33,111.42,105.03,110.96,4299025
2011-08-04,109.7,109.7,102.5,102.75,5695102
2011-08-05,103.06,103.08,92.13,95.99,5685521
2011-08-08,91.26,93.38,89.01,89.4,4418538
2011-08-09,92.31,99.57,90.63,99.49,4150519
2011-08-10,97.54,101.39,96.31,98.05,3098319
2011-08-11,98.11,105.02,97.55,103.93,2844214
2011-08-12,104.88,105.75,101.68,103.58,1719482
2011-08-15,104.35,105.16,101.32,102.38,2128093
2011-08-16,101.39,101.39,98.51,100.74,2688716
2011-08-17,101.28,101.5,96.95,98.73,1963611
2011-08-18,94.97,95.45,87.51,87.69,4661294
2011-08-19,85.5,90.18,83.5,84.08,4897601
2011-08-22,87.82,89.61,84.87,85.42,3396397
2011-08-23,86.5,95.97,85.03,95.05,3742176
2011-08-24,94.56,94.68,90.21,93.4,3156573
2011-08-25,93.66,95.59,91.63,92.1,2006931
2011-08-26,91.42,98.0,89.71,97.91,3067683
2011-08-29,101.22,101.75,97.75,98.71,3263034
2011-08-30,98.04,104.17,97.5,102.91,3581853
2011-08-31,103.6,107.42,102.62,104.74,3342222
2011-09-01,104.88,107.0,103.22,104.7,2598285
2011-09-02,102.03,105.26,100.5,103.56,1926786
2011-09-06,98.61,106.87,98.08,106.51,2488887
2011-09-07,108.38,110.9,106.23,106.78,2568681
2011-09-08,105.88,109.71,104.6,108.57,2781406
2011-09-09,107.86,109.32,105.01,106.41,2639062
2011-09-12,104.07,109.96,103.81,109.96,2299129
2011-09-13,110.0,114.0,109.38,110.86,4161813
2011-09-14,111.17,111.55,107.65,109.69,3052125
2011-09-15,110.68,110.87,103.16,109.51,3392858
2011-09-16,109.67,111.15,105.78,107.99,3219840
2011-09-19,106.04,112.73,105.76,111.62,2877466
2011-09-20,112.44,115.98,108.97,109.75,3473949
2011-09-21,109.95,113.5,108.3,110.01,2769831
2011-09-22,105.26,106.88,99.52,103.93,5282549
2011-09-23,103.42,105.9,102.43,104.26,1670660
2011-09-26,105.9,106.0,100.05,105.18,2360463
2011-09-27,107.41,107.78,104.0,105.04,2477700
2011-09-28,105.26,108.86,103.67,103.88,2334357
2011-09-29,105.63,106.24,91.5,96.39,4554977
2011-09-30,93.55,96.32,91.11,92.94,2913605
2011-10-03,89.51,93.34,86.76,87.63,5159840
2011-10-04,85.83,90.47,82.4,90.3,5783859
2011-10-05,90.27,91.25,85.8,89.72,4360770
2011-10-06,89.87,92.8,89.52,91.87,3442718
2011-10-07,92.61,93.47,87.72,92.06,3512954
2011-10-10,93.71,95.73,91.86,93.04,2744226
2011-10-11,92.3,96.77,92.3,93.62,2955132
2011-10-12,94.65,94.65,87.24,89.9,7415279
2011-10-13,89.74,91.9,85.58,91.14,6447318
2011-10-14,94.6,95.0,90.9,92.09,3335891
2011-10-17,91.66,91.92,79.33,82.5,17867006
2011-10-18,82.3,82.84,78.71,82.11,6733436
2011-10-19,81.19,84.78,69.5,69.8,16832232
2011-10-20,69.82,71.87,63.26,68.09,24037244
2011-10-21,70.81,72.41,65.4,67.85,12885693
2011-10-24,67.32,73.98,66.82,73.73,10093596
2011-10-25,72.42,72.49,64.53,64.75,9346969
2011-10-26,66.35,66.35,56.19,61.59,22432025
2011-10-27,64.6,66.95,60.18,65.44,14536843
2011-10-28,65.02,71.17,64.25,70.99,9684789
2011-10-31,68.98,68.98,64.0,65.02,12098130
2011-11-01,62.23,64.07,61.15,62.21,6805253
2011-11-02,64.13,64.92,60.21,61.67,6387452
2011-11-03,62.25,67.18,61.01,66.9,6595194
2011-11-04,66.52,71.53,66.5,70.67,10337863
2011-11-07,70.46,70.7,68.31,70.31,5225962
2011-11-08,71.64,72.27,69.57,70.3,5726927
2011-11-09,69.0,69.11,66.1,67.02,17957579
2011-11-10,47.0,48.04,39.42,40.89,47415281
2011-11-11,41.54,44.84,34.06,43.71,20400894
2011-11-14,43.25,44.57,41.12,42.14,9612818
2011-11-15,41.53,47.94,41.5,47.61,17499180
2011-11-16,49.14,52.85,48.97,52.3,20910836
2011-11-17,53.05,55.18,50.83,51.69,15893581
2011-11-18,52.0,52.4,50.18,50.45,6161686
2011-11-21,48.72,53.24,48.33,52.91,7474047
2011-11-22,53.05,54.49,48.67,50.35,8551881
2011-11-23,49.87,51.45,49.81,50.13,4083005
2011-11-25,50.3,51.02,48.9,49.66,2240905
2011-11-28,51.99,52.04,50.34,50.99,3956095
2011-11-29,50.89,50.92,48.74,48.92,4132895
2011-11-30,50.55,52.82,49.75,52.43,5078789
2011-12-01,54.0,56.41,53.23,53.92,6882502
2011-12-02,54.43,56.8,54.43,56.32,5286116
2011-12-05,57.5,60.19,57.5,58.88,5972002
2011-12-06,59.39,59.39,56.18,56.98,3664174
2011-12-07,56.64,58.45,55.69,57.18,3478140
2011-12-08,56.8,58.24,55.75,56.04,2598698
2011-12-09,55.88,58.86,54.59,58.44,3957307
2011-12-12,57.54,58.0,55.27,56.49,3082328
2011-12-13,57.07,57.15,49.4,49.95,11886923
2011-12-14,45.15,48.17,43.0,47.72,17871426
2011-12-15,48.95,49.0,43.34,44.35,11414047
2011-12-16,44.91,46.25,44.17,45.26,7453104
2011-12-19,45.38,46.74,45.19,45.97,4485793
2011-12-20,46.0,46.26,44.5,45.69,3889371
2011-12-21,45.43,46.38,44.6,45.3,3087540
2011-12-22,45.32,45.47,43.8,45.08,3762482
2011-12-23,45.09,46.07,45.09,45.41,2665159
2011-12-27,44.84,45.94,44.12,45.31,2561889
2011-12-28,45.22,45.91,44.52,45.16,2178261
2011-12-29,45.07,46.3,44.87,45.74,1824218
2011-12-30,45.62,46.62,44.78,44.85,3485976
2012-01-03,46.32,47.31,45.63,46.58,4872240
2012-01-04,46.5,47.25,45.15,45.34,4103899
2012-01-05,45.11,45.46,43.86,44.34,4820051
2012-01-06,44.3,45.57,42.6,43.17,5499735
2012-01-09,43.42,46.56,41.21,46.26,10267496
2012-01-10,46.48,48.98,45.48,47.99,10347422
2012-01-11,47.99,48.95,47.15,47.47,3695482
2012-01-12,47.64,48.78,46.53,47.24,3944764
2012-01-13,46.87,47.6,46.25,46.97,2855385
2012-01-17,48.81,51.6,48.25,50.87,6294078
2012-01-18,50.76,51.64,49.08,51.39,4620573
2012-01-19,51.78,53.8,51.73,52.17,4566203
2012-01-20,52.0,52.66,50.51,50.9,3436075
2012-01-23,51.33,51.86,48.06,48.45,3938787
2012-01-24,47.91,50.61,47.43,50.6,3768907
2012-01-25,50.68,51.55,50.15,51.05,2482781
2012-01-26,51.45,52.0,47.85,49.34,7172441
2012-01-27,50.11,52.97,50.11,52.5,5477360
2012-01-30,52.5,54.41,52.25,53.04,5046296
2012-01-31,53.33,54.83,52.31,53.34,4796052
2012-02-01,54.48,54.8,52.62,53.63,10638541
2012-02-02,65.05,67.19,62.05,66.42,24257387
2012-02-03,67.0,67.18,64.83,66.21,8599685
2012-02-06,65.37,69.69,65.0,69.02,7459922
2012-02-07,68.71,69.73,65.84,66.27,5971017
2012-02-08,66.51,66.99,64.32,65.28,5256520
2012-02-09,64.74,66.48,64.08,64.25,4214987
2012-02-10,63.69,64.81,62.42,62.85,4209978
2012-02-13,63.9,65.8,62.93,65.39,4269739
2012-02-14,65.39,68.32,65.26,67.32,5241246
2012-02-15,68.99,69.15,64.66,65.75,6455918
2012-02-16,65.77,69.15,65.59,69.05,5472164
2012-02-17,69.21,70.37,68.0,69.01,4497020
2012-02-21,69.0,71.15,68.68,69.75,5270770
2012-02-22,69.6,69.95,68.72,69.22,2845165
2012-02-23,69.05,70.15,67.05,67.62,3959399
2012-02-24,67.92,68.29,66.1,66.18,4811275
2012-02-27,66.0,67.3,64.09,66.43,3634856
2012-02-28,66.6,66.78,65.48,65.94,1996377
2012-02-29,66.24,66.66,64.7,64.97,2916292
2012-03-01,65.09,67.45,64.7,67.21,3613083
2012-03-02,67.07,68.75,66.83,68.29,2683811
2012-03-05,67.98,69.46,67.36,67.48,2064882
2012-03-06,66.55,66.98,65.28,65.49,2418109
2012-03-07,65.58,65.59,63.46,63.72,3489038
2012-03-08,61.24,63.35,59.5,62.4,16880840
2012-03-09,52.0,54.62,51.88,52.59,22986364
2012-03-12,52.43,52.89,49.59,50.17,12305106
2012-03-13,50.71,52.0,50.15,51.34,7297834
2012-03-14,52.16,52.4,51.13,51.8,4085891
2012-03-15,51.79,52.22,50.66,50.93,3816157
2012-03-16,50.7,51.75,50.69,51.39,2886911
2012-03-19,51.15,52.54,50.86,51.74,2619047
2012-03-20,51.46,52.11,50.52,50.7,2620422
2012-03-21,54.05,57.57,53.11,55.79,19958278
2012-03-22,55.29,56.1,53.58,54.12,5542689
2012-03-23,54.64,54.64,53.0,53.51,3112300
2012-03-26,53.74,54.75,52.28,52.45,5175480
2012-03-27,52.03,54.22,51.56,51.91,4047063
2012-03-28,52.35,52.97,49.43,49.56,6279754
2012-03-29,49.51,49.56,46.73,48.18,6835658
2012-03-30,48.59,48.7,46.84,46.84,4534553
2012-04-02,46.87,47.5,45.85,45.9,4143624
2012-04-03,45.73,46.98,44.33,44.9,7243081
2012-04-04,44.37,44.4,43.13,43.88,4356289
2012-04-05,43.79,45.39,43.61,44.09,5256372
2012-04-09,43.42,43.58,42.08,43.2,6422207
2012-04-10,43.26,45.04,41.02,41.47,8974007
2012-04-11,42.29,43.38,41.91,43.21,4374208
2012-04-12,43.03,44.12,42.67,43.62,3361537
2012-04-13,43.64,44.36,43.22,43.59,3305959
2012-04-16,43.86,44.6,43.15,43.72,4203767
2012-04-17,44.05,45.85,43.8,45.37,3432669
2012-04-18,44.16,44.68,43.15,43.42,5274312
2012-04-19,43.35,43.9,43.02,43.42,2289135
2012-04-20,43.62,44.35,43.51,44.26,1945157
2012-04-23,43.7,44.8,42.8,44.26,2788614
2012-04-24,44.37,44.75,43.69,44.6,2290230
2012-04-25,44.79,46.7,44.56,46.2,3447962
2012-04-26,46.83,48.9,46.64,48.75,4839450
2012-04-27,48.38,48.51,47.25,47.9,3035918
2012-04-30,47.88,49.22,47.51,48.73,3620380
2012-05-01,48.86,49.95,48.76,49.74,3904575
2012-05-02,50.01,50.05,48.62,49.52,21509564
2012-05-03,29.74,30.29,24.4,25.87,87294303
2012-05-04,26.53,27.99,24.99,25.1,33306884
2012-05-07,25.45,26.65,24.03,24.3,22662103
2012-05-08,24.83,26.48,24.4,26.38,19102604
2012-05-09,26.0,26.89,25.26,26.27,10683784
2012-05-10,26.66,26.8,25.63,26.09,7702937
2012-05-11,25.96,26.07,25.05,25.16,5164512
2012-05-14,25.07,25.82,24.57,25.13,6110380
2012-05-15,25.08,25.23,24.35,24.48,4657891
2012-05-16,24.6,25.1,24.25,24.9,4614033
2012-05-17,25.0,25.27,24.05,24.1,3532509
2012-05-18,24.29,24.95,24.01,24.05,3661354
2012-05-21,24.14,24.6,23.35,24.58,4877805
2012-05-22,24.58,25.96,24.5,25.74,5701164
2012-05-23,25.41,26.2,25.14,26.06,4572834
2012-05-24,26.04,26.15,24.84,25.09,2950113
2012-05-25,24.85,25.84,24.46,25.31,3263494
2012-05-29,25.64,25.87,25.31,25.8,2403675
2012-05-30,25.58,25.83,24.9,24.9,2156665
2012-05-31,24.9,25.07,23.44,23.6,5346365
2012-06-01,23.0,23.28,22.3,22.42,4654839
2012-06-04,22.46,23.75,21.77,23.48,6369620
2012-06-05,22.39,23.2,21.77,22.94,7226056
2012-06-06,23.44,24.94,23.31,24.52,5595078
2012-06-07,24.86,25.0,23.86,24.3,4382143
2012-06-08,24.13,24.17,22.87,23.13,5345581
2012-06-11,23.4,23.45,21.06,21.32,12187598
2012-06-12,21.51,21.84,20.72,21.27,6802060
2012-06-13,20.96,21.77,20.75,21.31,5870277
2012-06-14,21.22,21.31,20.04,20.15,10162495
2012-06-15,20.17,20.25,19.45,19.82,8520802
2012-06-18,19.79,20.84,19.7,20.7,5500620
2012-06-19,20.75,21.35,20.7,21.2,4567116
2012-06-20,21.12,21.72,20.93,21.47,3386847
2012-06-21,21.4,21.4,19.72,19.76,6364009
2012-06-22,19.99,20.5,19.88,20.31,5027932
2012-06-25,20.29,20.92,20.02,20.05,4381804
2012-06-26,20.15,20.41,19.79,20.05,2982474
2012-06-27,19.97,20.56,19.8,20.45,2834112
2012-06-28,20.28,20.76,20.15,20.67,2747386
2012-06-29,21.11,21.85,20.81,21.78,4525551
2012-07-02,21.73,21.81,21.0,21.4,3377871
2012-07-03,21.45,22.88,21.43,22.48,3200678
2012-07-05,22.51,23.75,21.82,23.53,6854150
2012-07-06,23.31,24.98,23.16,24.5,11173717
2012-07-09,24.37,24.86,23.25,23.52,5736023
2012-07-10,23.73,23.73,21.55,21.95,7759111
2012-07-11,22.05,22.34,21.5,21.71,4417011
2012-07-12,21.38,21.46,20.76,21.27,4014898
2012-07-13,20.44,21.27,19.17,19.7,12463800
2012-07-16,19.7,19.71,17.76,17.82,14147352
2012-07-17,17.92,18.52,17.66,17.89,7824341
2012-07-18,17.83,18.3,17.7,17.98,5349804
2012-07-19,18.01,18.03,17.38,17.74,5820634
2012-07-20,17.67,17.93,17.43,17.57,4481883
2012-07-23,18.1,18.24,17.11,17.49,6858065
2012-07-24,17.75,18.16,17.27,17.56,5254019
2012-07-25,17.6,18.03,17.59,17.9,4553919
2012-07-26,18.09,18.36,17.88,17.94,4760854
2012-07-27,17.65,18.24,17.47,18.04,6491486
2012-07-30,17.97,18.87,17.78,18.2,6297046
2012-07-31,18.2,18.63,17.71,18.26,5858838
2012-08-01,18.4,19.3,17.79,17.91,15710289
2012-08-02,20.2,24.15,20.12,22.66,34508604
2012-08-03,22.36,22.67,21.22,21.63,9634782
2012-08-06,21.7,22.25,20.82,21.47,6976088
2012-08-07,21.73,23.52,21.47,23.3,8340434
2012-08-08,23.34,25.37,23.27,24.62,12887438
2012-08-09,24.46,24.9,23.63,24.43,5694010
2012-08-10,24.74,24.8,23.78,24.43,5473465
2012-08-13,25.12,25.39,23.92,24.47,6483038
2012-08-14,24.5,24.78,22.65,22.85,8031715
2012-08-15,22.7,24.42,22.55,24.11,5545747
2012-08-16,24.1,25.21,24.0,24.87,5164145
2012-08-17,25.01,25.1,24.58,24.95,3938812
2012-08-20,24.9,24.95,24.12,24.34,4483711
2012-08-21,24.37,25.9,24.37,25.83,5845151
2012-08-22,25.69,26.69,25.25,25.51,8180772
2012-08-23,25.5,25.88,24.81,25.22,5045247
2012-08-24,25.26,25.93,24.8,25.63,3768479
2012-08-27,25.89,25.99,25.05,25.09,3212960
2012-08-28,25.07,25.4,24.98,25.12,2690257
2012-08-29,25.18,25.46,24.84,24.95,2597804
2012-08-30,24.83,24.83,23.68,24.11,4829242
2012-08-31,24.35,24.38,23.92,24.31,3047475
2012-09-04,24.2,24.48,23.35,23.99,3820725
2012-09-05,23.95,24.05,23.41,23.83,2529953
2012-09-06,24.0,24.95,23.75,24.58,3436599
2012-09-07,25.28,28.03,25.27,27.83,11092011
2012-09-10,27.89,31.56,27.7,30.36,22075895
2012-09-11,31.75,32.63,31.0,32.16,18923679
2012-09-12,32.59,33.15,30.53,30.87,10203661
2012-09-13,30.94,31.78,30.5,31.45,6290361
2012-09-14,31.82,32.32,30.52,31.09,4889199
2012-09-17,31.0,31.78,30.69,30.85,3617738
2012-09-18,30.49,31.14,29.64,29.96,4538125
2012-09-19,30.49,31.46,29.85,30.81,5810010
2012-09-20,29.12,29.66,27.81,27.84,11645006
2012-09-21,28.06,28.2,25.91,26.76,13549270
2012-09-24,25.92,27.0,25.38,25.86,5221632
2012-09-25,25.92,26.25,23.72,23.88,7987942
2012-09-26,23.86,24.38,23.36,23.52,8860038
2012-09-27,23.59,25.15,23.25,24.75,7011885
2012-09-28,24.33,24.39,23.65,23.74,6543161
2012-10-01,23.84,24.0,22.93,23.31,6937276
2012-10-02,23.5,24.37,22.0,23.99,12876223
2012-10-03,24.0,24.09,23.11,23.39,5500897
2012-10-04,23.44,23.8,22.75,23.63,6130830
2012-10-05,23.69,23.7,21.91,22.13,9141649
2012-10-08,22.12,22.84,21.75,22.54,3924142
2012-10-09,23.13,23.51,22.22,22.83,4540899
2012-10-10,22.79,22.86,21.55,22.08,5812217
2012-10-11,22.26,22.92,21.33,22.27,8490366
2012-10-12,22.21,22.5,21.79,22.0,2536754
2012-10-15,22.09,22.43,21.6,22.03,4271469
2012-10-16,22.05,22.37,21.81,22.26,1932501
2012-10-17,22.33,24.44,22.02,23.66,7415320
2012-10-18,23.59,25.21,23.56,24.83,9369730
2012-10-19,24.69,24.7,23.65,23.93,5076120
2012-10-22,24.06,24.3,23.76,24.03,2586423
2012-10-23,23.48,23.82,23.07,23.78,2782245
2012-10-24,23.87,25.11,23.54,24.23,3823477
2012-10-25,24.43,24.88,24.25,24.41,2594523
2012-10-26,24.42,24.85,23.84,24.36,2557024
2012-10-31,24.37,24.56,23.92,24.18,2098601
2012-11-01,24.25,27.6,24.24,26.34,8134005
2012-11-02,26.48,26.62,25.59,25.67,3946480
2012-11-05,25.4,25.69,24.92,25.15,2201135
2012-11-06,25.52,25.57,25.02,25.28,1364877
2012-11-07,25.02,25.44,24.22,24.74,2548686
2012-11-08,25.75,25.95,24.05,24.06,3684966
2012-11-09,23.99,24.6,23.65,23.81,2591413
2012-11-12,23.76,25.19,23.64,24.83,3019352
2012-11-13,24.66,24.77,24.06,24.52,2485195
2012-11-14,24.58,25.25,23.9,23.94,2658761
2012-11-15,23.88,24.42,23.28,23.45,2576581
2012-11-16,25.0,25.03,24.02,24.55,3757295
2012-11-19,24.92,27.36,24.77,27.33,7680811
2012-11-20,30.16,30.4,27.76,27.87,13222369
2012-11-21,28.39,28.47,27.54,27.77,3381152
2012-11-23,28.32,28.32,27.91,28.13,1405786
2012-11-26,28.03,28.74,27.88,28.61,6498217
2012-11-27,28.7,29.68,28.57,28.95,16430203
2012-11-28,34.55,37.48,34.5,36.86,29482768
2012-11-29,36.53,37.25,36.25,36.37,7074342
2012-11-30,36.28,37.05,35.68,36.67,6099427
2012-12-03,37.42,38.65,37.12,37.81,7481933
2012-12-04,38.35,41.25,37.46,40.78,9694655
2012-12-05,40.7,42.6,40.3,41.17,14209835
2012-12-06,41.08,41.52,37.43,37.78,11231862
2012-12-07,38.21,38.6,37.2,37.85,5156939
2012-12-10,37.73,39.49,37.53,38.55,6296592
2012-12-11,38.87,39.77,38.86,39.44,3750089
2012-12-12,39.75,40.8,39.66,40.48,4861957
2012-12-13,39.82,41.0,39.25,40.05,3603646
2012-12-14,40.0,41.15,39.99,40.32,3435725
2012-12-17,40.43,40.85,38.81,38.93,5034130
2012-12-18,39.48,41.18,39.26,40.99,6169478
2012-12-19,41.12,41.98,40.7,41.83,5513671
2012-12-20,41.68,42.73,41.16,42.59,5982273
2012-12-21,41.19,41.81,40.92,41.11,11278942
2012-12-24,41.15,41.87,41.15,41.87,1875238
2012-12-26,41.91,42.42,41.35,41.68,1953078
2012-12-27,41.83,42.07,41.1,41.4,2291655
2012-12-28,41.15,41.17,40.17,40.35,2154478
2012-12-31,40.12,41.59,39.58,41.34,3737574
2013-01-02,42.11,43.79,42.07,43.49,4727490
2013-01-03,43.5,43.53,42.14,42.87,3963138
2013-01-04,43.13,43.52,42.01,42.08,3288206
2013-01-07,41.76,41.83,40.07,40.28,4915125
2013-01-08,40.36,40.43,38.9,40.13,3647287
2013-01-09,40.42,40.75,39.57,39.8,2029973
2013-01-10,39.95,40.2,38.83,39.63,2765491
2013-01-11,39.49,41.77,39.4,41.23,3711942
2013-01-14,40.99,41.27,39.23,39.34,3510467
2013-01-15,40.19,40.44,38.9,39.36,3960732
2013-01-16,39.27,39.58,38.73,39.25,2396839
2013-01-17,39.59,40.98,38.94,40.88,3321779
2013-01-18,40.76,41.25,40.38,40.6,2729173
2013-01-22,40.4,41.65,40.4,41.13,3457600
2013-01-23,41.25,41.45,40.49,41.08,2594647
2013-01-24,41.19,44.88,41.0,43.78,8017415
2013-01-25,44.77,46.37,44.11,46.31,7202925
2013-01-28,46.55,46.75,44.95,45.26,3769895
2013-01-29,45.19,45.25,43.04,43.28,4800779
2013-01-30,44.28,45.55,44.01,44.56,4483756
2013-01-31,44.51,45.65,43.82,45.53,4450087
2013-02-01,46.0,47.62,44.77,46.92,6653092
2013-02-04,46.5,47.35,45.62,46.7,3734266
2013-02-05,47.1,48.7,47.0,47.5,6939152
2013-02-06,47.54,49.1,46.68,48.94,11083435
2013-02-07,44.66,47.55,43.85,46.32,18431641
2013-02-08,46.66,46.75,44.76,45.16,6311205
2013-02-11,43.92,44.91,42.7,43.12,8352058
2013-02-12,43.23,43.71,42.25,43.66,5002811
2013-02-13,43.52,44.42,43.3,44.32,3653575
2013-02-14,44.18,46.57,43.96,45.56,5463343
2013-02-15,45.65,46.61,44.2,44.39,5026884
2013-02-19,44.4,45.57,44.37,45.35,2854962
2013-02-20,45.65,46.55,45.23,45.76,4112104
2013-02-21,45.6,46.24,44.71,45.87,4069511
2013-02-22,46.0,46.1,45.11,45.53,1672905
2013-02-25,45.56,45.97,44.0,44.01,2319709
2013-02-26,44.09,45.65,43.01,45.4,3926706
2013-02-27,45.33,46.98,45.33,46.78,3606595
2013-02-28,46.62,48.35,46.52,47.75,4722542
2013-03-01,47.65,49.45,47.12,48.91,4788612
2013-03-04,48.71,49.71,47.4,47.92,4210004
2013-03-05,48.53,48.75,48.04,48.41,2510866
2013-03-06,48.53,49.34,48.38,49.18,1995201
2013-03-07,50.0,51.65,49.84,51.56,5466804
2013-03-08,52.25,53.32,51.41,52.87,4466931
2013-03-11,52.79,54.0,52.36,53.99,3150786
2013-03-12,53.59,54.61,53.3,54.6,3254895
2013-03-13,54.42,54.89,54.08,54.61,2409545
2013-03-14,54.52,54.53,52.9,53.67,2702057
2013-03-15,53.87,54.66,53.58,54.22,2520096
2013-03-18,53.99,55.12,53.33,55.06,1974228
2013-03-19,55.55,57.0,55.08,56.19,4181249
2013-03-20,56.22,56.63,55.51,55.85,3910252
2013-03-21,55.62,56.43,54.72,55.59,2103533
2013-03-22,55.89,56.3,55.4,55.43,1747841
2013-03-25,55.5,55.85,54.7,55.62,1825687
2013-03-26,55.68,55.92,54.76,55.83,1439353
2013-03-27,55.26,56.26,55.1,55.88,1899254
2013-03-28,55.95,57.0,55.78,56.76,2701632
2013-04-01,57.48,59.3,56.38,57.47,4640524
2013-04-02,57.96,58.84,56.98,57.61,2622314
2013-04-03,57.49,58.1,53.51,54.14,4409403
2013-04-04,54.05,55.6,52.73,54.97,3382847
2013-04-05,53.99,54.18,52.58,53.23,3253749
2013-04-08,53.07,55.09,53.07,54.82,2323303
2013-04-09,55.0,55.96,54.9,55.26,2185353
2013-04-10,55.43,57.75,55.26,57.11,3215752
2013-04-11,57.24,58.43,57.21,58.22,2380024
2013-04-12,57.62,58.08,56.9,57.44,1453121
2013-04-15,57.3,57.44,54.41,54.66,2737192
2013-04-16,55.79,57.32,55.0,56.98,2345681
2013-04-17,56.52,56.7,53.87,55.44,2180808
2013-04-18,55.72,56.14,53.82,54.46,1815617
2013-04-19,54.83,56.04,54.57,55.01,2002164
2013-04-22,55.13,55.75,53.56,55.12,1899754
2013-04-23,55.57,57.5,55.35,56.19,2936248
2013-04-24,56.54,58.3,56.26,56.91,2631997
2013-04-25,57.42,57.9,56.44,56.55,2231875
2013-04-26,56.5,57.23,55.31,55.56,2251930
2013-04-29,55.7,57.19,55.45,56.47,2242080
2013-04-30,56.27,57.5,56.01,57.4,2330803
2013-05-01,57.09,57.53,55.69,57.09,2929153
2013-05-02,57.41,58.18,57.01,57.35,3125365
2013-05-03,57.77,59.62,57.76,58.08,3304416
2013-05-06,58.52,59.56,58.13,58.78,2951690
2013-05-07,59.16,59.55,58.12,58.56,3162076
2013-05-08,58.94,59.48,57.76,59.48,8942432
2013-05-09,67.92,76.99,67.0,76.04,26222501
2013-05-10,75.52,77.52,73.55,77.22,9806462
2013-05-13,76.09,77.56,75.25,77.38,5769823
2013-05-14,76.88,81.5,76.66,78.39,8653058
2013-05-15,78.03,79.98,77.65,79.58,4275388
2013-05-16,79.37,81.7,79.24,79.5,4805690
2013-05-17,79.42,80.13,78.27,79.61,4354660
2013-05-20,79.59,81.64,78.55,80.22,4450411
2013-05-21,80.48,81.68,79.0,80.01,3755276
2013-05-22,80.02,80.7,74.09,76.25,4525239
2013-05-23,74.02,74.48,69.35,72.93,8027110
2013-05-24,72.3,72.9,70.09,71.9,3696400
2013-05-28,73.91,74.85,71.7,73.0,4124044
2013-05-29,72.31,74.84,72.0,74.25,3396952
2013-05-30,73.49,74.5,73.07,73.7,2528233
2013-05-31,73.23,75.82,72.5,73.13,3509506
2013-06-03,72.06,73.41,70.57,73.31,3027560
2013-06-04,73.63,74.83,72.46,73.7,3286989
2013-06-05,72.92,73.84,72.26,72.75,1780253
2013-06-06,74.35,75.57,73.67,74.68,4069694
2013-06-07,75.58,76.39,74.1,76.09,3134479
2013-06-10,77.61,78.99,76.56,77.99,3020968
2013-06-11,76.56,77.55,75.46,76.35,2032908
2013-06-12,76.76,77.38,75.9,76.73,2053544
2013-06-13,76.35,78.63,75.15,78.4,2984605
2013-06-14,78.4,79.94,77.35,78.38,2980859
2013-06-17,78.87,80.93,78.87,79.41,2956228
2013-06-18,79.55,79.85,78.3,79.3,1605212
2013-06-19,79.48,82.95,79.15,81.78,4310843
2013-06-20,81.02,82.0,77.81,78.32,3560264
2013-06-21,79.02,79.47,73.2,74.42,5997106
2013-06-24,73.23,74.29,71.5,73.33,3102237
2013-06-25,74.23,75.5,73.18,73.8,2280146
2013-06-26,74.68,76.2,74.68,75.61,2583885
2013-06-27,76.52,77.29,73.26,73.84,4031600
2013-06-28,73.87,76.09,73.53,75.22,3893261
2013-07-01,75.74,78.31,75.68,77.14,3251891
2013-07-02,76.49,76.55,71.02,72.61,5959717
2013-07-03,72.33,73.85,72.11,72.39,1864870
2013-07-05,73.48,74.45,71.71,72.83,2045760
2013-07-08,73.16,74.32,72.52,73.94,2069270
2013-07-09,74.46,74.87,72.38,72.94,2626391
2013-07-10,73.09,73.24,67.79,70.09,8224736
2013-07-11,71.5,71.5,67.51,70.74,8426628
2013-07-12,70.66,71.35,68.22,68.88,4575555
2013-07-15,68.85,73.36,68.72,73.19,5493401
2013-07-16,73.37,75.89,71.73,72.01,4981775
2013-07-17,71.9,73.0,71.73,72.23,3106838
2013-07-18,72.25,74.78,72.2,73.86,4149202
2013-07-19,73.8,74.32,72.61,73.62,3168944
2013-07-22,73.4,75.84,72.41,75.58,3056998
2013-07-23,76.0,76.33,74.1,74.36,1831985
2013-07-24,75.5,75.68,73.91,74.56,1836158
2013-07-25,74.79,74.86,71.42,73.79,2745505
2013-07-26,74.28,76.18,73.71,75.33,2345420
2013-07-29,75.41,76.1,74.3,75.03,1815117
2013-07-30,74.5,76.95,74.3,75.96,1886723
2013-07-31,76.48,77.95,75.8,77.2,2058693
2013-08-01,78.0,79.19,76.8,78.49,3535130
2013-08-02,78.1,78.65,76.33,78.11,2547344
2013-08-05,77.59,81.52,75.43,81.1,7287907
2013-08-06,81.12,82.51,79.85,81.32,4958132
2013-08-07,81.02,81.1,78.51,79.26,7275170
2013-08-08,73.5,79.6,72.49,76.48,12766305
2013-08-09,75.71,78.9,75.67,78.17,3978208
2013-08-12,77.56,79.13,77.44,78.59,2689821
2013-08-13,79.03,79.13,77.64,78.64,1986488
2013-08-14,78.64,78.85,77.1,77.28,2488386
2013-08-15,76.15,76.35,73.58,73.93,4109139
2013-08-16,74.7,77.25,74.23,76.38,4553018
2013-08-19,76.66,80.4,76.23,79.46,5217811
2013-08-20,80.27,83.77,79.86,82.77,6121665
2013-08-21,82.76,84.41,80.84,83.39,10247639
2013-08-22,83.39,83.75,81.65,82.72,2998658
2013-08-23,83.1,85.96,82.8,85.61,4585593
2013-08-26,85.45,88.63,84.5,86.44,4418318
2013-08-27,84.52,86.31,83.28,83.95,3579927
2013-08-28,83.93,88.27,83.4,86.66,5080938
2013-08-29,86.92,89.66,86.67,88.78,3951097
2013-08-30,88.57,88.71,85.71,86.31,3053690
2013-09-03,87.38,88.5,84.4,85.16,5255174
2013-09-04,85.21,87.17,83.8,86.3,5283433
2013-09-05,87.24,87.93,84.83,84.88,3356742
2013-09-06,85.25,85.53,81.7,82.14,4256603
2013-09-09,83.02,86.51,82.72,86.44,3587736
2013-09-10,86.56,86.75,83.13,83.78,4923241
2013-09-11,84.75,86.48,84.04,85.0,3365676
2013-09-12,85.37,85.9,83.26,83.58,1818892
2013-09-13,83.95,84.81,83.17,84.29,1869022
2013-09-16,85.31,86.39,84.3,84.51,2005586
2013-09-17,84.35,85.92,84.3,85.85,1420472
2013-09-18,85.88,87.44,84.0,86.61,2888715
2013-09-19,86.71,87.16,84.15,84.32,2932728
2013-09-20,84.44,85.24,83.2,84.16,3844737
2013-09-23,83.98,84.27,77.17,79.43,6494988
2013-09-24,79.81,80.32,78.09,79.32,3307544
2013-09-25,79.25,79.69,75.35,75.82,5723273
2013-09-26,76.3,78.28,75.84,76.17,2851244
2013-09-27,75.69,76.2,74.5,74.88,2584310
2013-09-30,73.26,76.53,71.28,75.33,4623304
2013-10-01,75.06,77.02,74.5,76.98,3509422
2013-10-02,75.37,76.95,74.46,75.46,4657876
2013-10-03,75.13,76.56,74.9,75.85,3139387
2013-10-04,75.86,76.64,75.3,75.71,1936468
2013-10-07,75.04,77.04,74.2,75.36,2130736
2013-10-08,75.4,76.42,72.7,73.79,3380514
2013-10-09,73.4,73.54,67.12,68.89,10418817
2013-10-10,69.73,71.44,65.24,67.16,10654085
2013-10-11,66.31,68.79,65.71,68.26,5286296
2013-10-14,67.42,69.09,67.07,68.95,2746527
2013-10-15,68.83,69.39,65.39,65.82,5765854
2013-10-16,65.25,67.37,64.1,66.94,7928761
2013-10-17,65.85,66.0,61.92,62.17,8758054
2013-10-18,62.16,65.68,62.0,64.41,6652597
2013-10-21,64.44,64.76,62.55,62.67,2878381
2013-10-22,62.74,65.07,62.73,63.51,4110725
2013-10-23,63.06,63.42,62.4,62.59,2982445
2013-10-24,61.25,63.32,60.15,62.95,4355719
2013-10-25,62.76,63.08,60.87,61.78,3208091
2013-10-28,61.51,64.48,61.22,62.47,3798349
2013-10-29,62.48,63.88,62.23,63.86,3089905
2013-10-30,63.86,64.04,62.17,63.06,4055483
2013-10-31,61.98,63.73,61.56,62.81,3739846
2013-11-01,63.03,63.36,61.91,62.68,2629660
2013-11-04,62.87,65.39,62.7,64.44,3359141
2013-11-05,64.51,64.66,62.08,62.49,4387720
2013-11-06,62.49,63.75,59.62,59.93,5149957
2013-11-07,60.0,60.64,58.02,58.18,3668951
2013-11-08,58.25,59.9,58.15,59.71,3250133
2013-11-11,59.75,60.4,59.13,59.96,1899309
2013-11-12,59.74,60.66,59.21,59.82,2041294
2013-11-13,58.47,60.73,56.87,60.67,4929423
2013-11-14,61.01,62.38,60.43,60.63,3318884
2013-11-15,61.01,63.18,60.65,63.02,4245968
2013-11-18,64.67,65.09,62.94,63.41,4657626
2013-11-19,63.06,63.65,61.06,61.43,3360038
2013-11-20,62.07,63.39,60.64,61.83,8249751
2013-11-21,66.84,73.57,66.8,70.57,19519073
2013-11-22,70.53,70.66,67.69,68.77,5343980
2013-11-25,69.06,70.25,67.3,67.61,2883450
2013-11-26,67.34,67.57,63.5,64.16,7417030
2013-11-27,65.12,68.02,64.75,67.51,4380042
2013-11-29,68.01,68.75,67.1,67.38,1606064
2013-12-02,67.8,68.88,66.8,68.06,2950440
2013-12-03,68.0,69.61,68.0,68.41,2722911
2013-12-04,68.19,70.66,68.19,70.05,2990824
2013-12-05,70.31,70.94,68.75,69.33,2438038
2013-12-06,70.5,71.53,69.75,71.3,2855069
2013-12-09,71.74,72.7,70.56,71.81,2186584
2013-12-10,71.56,74.0,71.51,72.95,3398430
2013-12-11,73.36,74.16,71.95,72.11,2981858
2013-12-12,72.05,72.81,70.48,71.28,1908250
2013-12-13,71.21,73.62,70.92,72.66,2413964
2013-12-16,73.04,74.65,73.02,74.13,3129309
2013-12-17,73.94,74.88,72.82,74.72,3173273
2013-12-18,74.75,76.19,73.75,76.16,3424049
2013-12-19,75.68,76.41,75.01,76.25,3540102
2013-12-20,76.52,77.48,76.51,77.25,3851948
2013-12-23,77.5,77.58,73.71,74.95,3496427
2013-12-24,74.79,75.33,74.28,74.84,1037657
2013-12-26,75.03,76.3,74.84,75.81,2185013
2013-12-27,75.95,76.39,74.63,74.83,1222768
2013-12-30,74.98,76.14,74.22,75.43,1881315
2013-12-31,75.44,76.19,75.04,75.54,1652602
2014-01-02,75.49,75.51,73.29,74.63,2241657
2014-01-03,74.58,75.85,74.25,75.75,2348487
2014-01-06,76.01,77.45,75.92,76.95,3146325
2014-01-07,77.42,80.28,77.25,79.69,3968726
2014-01-08,79.55,81.0,79.09,80.59,3251454
2014-01-09,81.16,81.23,79.48,80.69,2611586
2014-01-10,80.6,80.96,80.1,80.76,1970706
2014-01-13,80.59,81.22,78.35,79.41,3068430
2014-01-14,79.57,80.75,78.43,80.35,1824344
2014-01-15,80.3,80.4,78.58,79.1,1942160
2014-01-16,79.0,80.5,78.75,80.09,1738906
2014-01-17,79.75,81.48,78.86,78.96,2234237
2014-01-21,79.88,80.12,78.96,80.03,2117492
2014-01-22,80.1,81.5,79.71,81.15,1502210
2014-01-23,80.54,81.8,79.63,80.86,1842549
2014-01-24,80.0,80.21,78.0,78.68,2040693
2014-01-27,78.58,79.12,76.55,77.63,2302242
2014-01-28,76.17,77.31,74.44,77.25,2946509
2014-01-29,76.45,77.16,75.75,76.51,2302390
2014-01-30,76.74,79.59,76.59,79.15,1968687
2014-01-31,78.0,81.3,77.74,81.0,3059543
2014-02-03,81.82,81.9,76.61,77.99,4932685
2014-02-04,78.67,80.97,78.66,80.14,3980787
2014-02-05,80.58,84.02,80.3,80.88,13653591
2014-02-06,110.0,110.5,99.57,102.1,32449563
2014-02-07,98.15,113.23,98.0,107.75,14023327
2014-02-10,107.67,111.5,105.8,110.92,6453460
2014-02-11,111.13,120.24,111.01,119.4,10333642
2014-02-12,117.15,120.77,116.61,119.96,5957046
2014-02-13,118.83,122.38,118.18,120.77,5005216
2014-02-14,120.77,121.2,115.07,116.03,4834807
2014-02-18,115.85,120.97,115.4,120.36,3865943
2014-02-19,119.64,119.98,116.9,117.94,3200901
2014-02-20,118.38,124.42,118.01,123.74,4196854
2014-02-21,123.79,124.2,121.86,123.04,2493555
2014-02-24,123.48,123.56,121.07,121.49,2317412
2014-02-25,121.19,121.93,117.18,117.5,3875312
2014-02-26,117.73,118.95,115.82,116.1,2819996
2014-02-27,115.33,116.4,112.39,112.89,4119431
2014-02-28,114.25,114.38,108.84,109.78,3991066
2014-03-03,109.29,111.05,107.27,109.94,3635759
2014-03-04,111.47,111.98,107.71,108.62,3130763
2014-03-05,108.78,112.49,106.81,110.54,3569264
2014-03-06,110.64,110.99,106.74,107.12,3099806
2014-03-07,108.36,108.89,104.28,106.0,2464327
2014-03-10,105.65,107.3,103.64,103.99,1939482
2014-03-11,103.92,108.8,103.92,106.23,2820471
2014-03-12,105.83,109.12,105.49,108.6,2006119
2014-03-13,110.25,110.41,105.5,106.16,2099970
2014-03-14,107.0,115.92,106.51,113.25,6050316
2014-03-17,116.67,117.45,113.04,115.56,5747060
2014-03-18,115.63,116.99,114.5,115.79,2908071
2014-03-19,115.07,116.62,113.45,115.21,2070674
2014-03-20,114.92,117.23,113.55,115.4,1954453
2014-03-21,116.17,117.1,111.41,112.0,26839245
2014-03-24,112.0,112.0,105.2,105.88,5560709
2014-03-25,107.4,109.5,106.35,107.27,2198667
2014-03-26,107.52,108.68,105.63,105.67,1854921
2014-03-27,106.22,108.18,105.12,106.83,1928665
2014-03-28,107.9,109.44,107.48,108.15,1616792
2014-03-31,108.69,108.78,104.48,105.59,2766792
2014-04-01,105.63,110.03,105.59,109.77,1908690
2014-04-02,110.09,111.5,108.52,109.28,2333438
2014-04-03,108.6,108.89,106.75,108.48,2046317
2014-04-04,108.65,108.99,102.07,102.99,2779665
2014-04-07,102.48,105.05,101.44,101.93,2583002
2014-04-08,102.1,104.09,100.82,101.35,2693325
2014-04-09,101.47,104.1,101.36,103.68,3066957
2014-04-10,103.9,104.9,98.67,99.03,3038608
2014-04-11,97.84,101.47,97.18,97.98,2941000
2014-04-14,99.24,99.82,95.07,96.52,2689137
2014-04-15,97.02,99.0,94.25,97.39,1990671
2014-04-16,99.02,99.02,95.81,98.13,1465162
2014-04-17,97.83,99.15,97.27,98.38,1019351
2014-04-21,98.63,99.11,96.52,98.81,1032739
2014-04-22,98.71,100.76,98.3,98.67,1095234
2014-04-23,98.36,99.29,93.31,94.08,3753482
2014-04-24,95.07,95.07,92.28,94.09,2273155
2014-04-25,93.3,94.26,91.77,93.27,1891890
2014-04-28,93.78,94.0,90.56,92.11,1649838
2014-04-29,92.58,93.84,92.32,92.92,1099939
2014-04-30,92.77,93.72,91.23,93.68,1522771
2014-05-01,93.34,94.68,91.65,92.4,1957961
2014-05-02,92.97,93.13,90.41,90.61,2544665
2014-05-05,90.25,93.88,90.08,93.7,1656288
2014-05-06,93.07,96.74,93.02,95.27,3000809
2014-05-07,95.31,95.56,90.35,92.21,3352936
2014-05-08,97.89,108.22,96.25,104.19,8680899
2014-05-09,103.88,108.65,103.5,108.47,4249259
2014-05-12,108.78,110.73,107.4,110.71,4627023
2014-05-13,116.33,123.62,116.26,119.07,11623683
2014-05-14,118.22,118.29,115.13,116.0,3232409
2014-05-15,115.46,116.3,112.65,114.41,2921660
2014-05-16,114.35,114.68,111.79,114.48,2122663
2014-05-19,114.28,115.66,112.53,113.53,1709325
2014-05-20,113.29,114.38,112.16,113.81,1668879
2014-05-21,114.17,115.97,113.08,113.8,1707373
2014-05-22,112.68,114.48,111.76,113.37,1382355
2014-05-23,113.82,115.77,113.63,114.03,1351058
2014-05-27,114.05,117.4,114.05,116.82,1920932
2014-05-28,116.83,117.44,113.81,114.36,1792059
2014-05-29,114.93,114.93,111.09,112.48,2749666
2014-05-30,112.72,113.8,111.91,112.78,1491993
2014-06-02,112.61,114.48,112.51,113.89,1575475
2014-06-03,113.56,114.75,112.05,112.65,1406304
2014-06-04,112.45,113.93,112.26,113.32,969845
2014-06-05,113.04,114.27,112.18,112.62,1351804
2014-06-06,113.25,123.38,112.53,122.07,5665256
2014-06-09,120.38,120.96,113.32,114.1,4560958
2014-06-10,113.76,117.25,113.01,115.38,3421305
2014-06-11,114.43,116.42,114.03,115.98,1634769
2014-06-12,115.83,123.6,115.11,120.75,5566308
2014-06-13,120.39,121.25,117.37,119.8,2685182
2014-06-16,120.04,122.21,118.5,120.02,1719500
2014-06-17,119.92,128.04,118.27,125.49,5540446
2014-06-18,125.65,126.39,123.01,126.09,2400946
2014-06-19,124.35,125.77,119.6,121.56,2799936
2014-06-20,122.17,123.73,120.86,121.82,3599119
2014-06-23,122.09,123.48,121.15,121.39,1428285
2014-06-24,121.3,123.86,120.86,122.05,2054902
2014-06-25,121.75,123.05,120.56,122.74,1759813
2014-06-26,123.06,124.9,119.78,120.38,2085333
2014-06-27,122.69,126.87,122.5,125.25,3606998
2014-06-30,125.03,126.03,124.01,124.61,1335487
2014-07-01,125.68,128.46,125.43,125.49,1963462
2014-07-02,125.44,125.82,123.54,124.16,1151527
2014-07-03,124.5,128.5,123.74,125.24,1877061
2014-07-07,124.96,127.09,124.55,125.56,1246033
2014-07-08,125.0,125.49,120.68,122.3,2129205
2014-07-09,122.95,124.55,122.35,123.02,1261853
2014-07-10,121.27,122.77,120.7,121.38,1329836
2014-07-11,123.42,123.42,121.11,122.9,1199863
2014-07-14,123.05,124.27,121.72,122.82,789467
2014-07-15,122.73,123.3,119.58,120.83,1503625
2014-07-16,121.81,121.93,119.5,120.08,1176405
2014-07-17,119.81,120.82,118.29,118.7,1226187
2014-07-18,119.4,121.21,118.86,120.82,1282930
2014-07-21,120.12,121.89,119.55,120.74,914720
2014-07-22,121.25,123.54,120.27,121.88,1012163
2014-07-23,121.72,122.24,120.71,121.04,688027
2014-07-24,121.01,123.72,119.41,121.0,1561266
2014-07-25,120.69,121.96,120.11,120.68,704526
2014-07-28,120.4,121.18,119.2,119.95,1054638
2014-07-29,120.0,124.23,120.0,120.71,1310448
2014-07-30,121.09,121.68,118.73,120.6,1381678
2014-07-31,119.82,120.42,119.05,119.28,1684954
2014-08-01,119.26,120.14,117.88,119.76,1406397
2014-08-04,119.38,121.45,118.48,118.81,1465842
2014-08-05,118.81,119.47,117.52,117.74,1527340
2014-08-06,118.21,119.92,117.61,118.13,2769822
2014-08-07,118.21,119.94,116.03,116.39,4664105
2014-08-08,115.79,116.14,113.15,113.2,2875251
2014-08-11,113.41,116.31,112.77,115.43,1768535
2014-08-12,115.03,115.86,113.38,114.07,1985474
2014-08-13,114.1,115.18,113.77,114.05,1275167
2014-08-14,114.63,117.16,113.83,114.3,1886644
2014-08-15,115.06,115.17,113.38,115.0,1521849
2014-08-18,115.3,115.9,114.73,115.09,1013060
2014-08-19,115.1,117.87,115.09,117.43,1383201
2014-08-20,117.62,118.6,116.99,117.58,973462
2014-08-21,117.56,118.84,117.37,117.75,1264225
2014-08-22,125.65,135.99,125.4,133.36,10776093
2014-08-25,132.31,135.09,131.5,134.2,2664156
2014-08-26,134.23,136.91,133.26,136.55,1587612
2014-08-27,136.0,136.55,134.36,134.73,1721059
2014-08-28,134.43,135.14,133.39,134.45,848293
2014-08-29,134.85,135.7,133.27,133.32,886355
2014-09-02,133.27,134.98,132.51,133.3,778994
2014-09-03,134.75,135.5,132.93,133.96,1046647
2014-09-04,134.0,134.98,131.15,131.64,1025074
2014-09-05,132.18,132.5,131.12,131.5,1173958
2014-09-08,131.05,131.83,128.61,129.34,1473882
2014-09-09,129.11,129.99,126.89,127.27,1239159
2014-09-10,127.45,131.25,127.34,131.19,1141727
2014-09-11,130.51,131.97,130.0,131.85,1054348
2014-09-12,131.39,132.98,130.65,131.11,1273523
2014-09-15,131.58,131.63,130.19,131.42,1113484
2014-09-16,131.35,134.78,131.15,134.25,1569611
2014-09-17,134.25,135.82,132.42,135.39,1368694
2014-09-18,136.13,137.57,134.7,137.48,1125378
2014-09-19,138.23,138.84,134.8,134.96,3418747
2014-09-22,134.8,135.0,131.95,132.19,966446
2014-09-23,131.97,132.99,131.2,131.64,923364
2014-09-24,132.1,132.54,131.32,132.21,887307
2014-09-25,132.08,132.46,127.61,128.92,1826893
2014-09-26,128.61,130.87,128.61,130.63,710084
2014-09-29,129.76,131.0,128.29,130.4,1770195
2014-09-30,130.68,132.66,129.42,130.13,1178826
2014-10-01,130.12,130.34,127.51,128.3,1515131
2014-10-02,128.01,130.28,127.84,130.05,1116227
2014-10-03,131.09,133.28,130.49,133.02,942630
2014-10-06,133.08,133.53,131.57,133.25,1065611
2014-10-07,136.62,140.52,135.62,139.75,4634357
2014-10-08,139.37,143.66,138.32,143.58,2305515
2014-10-09,143.46,145.23,143.0,143.17,2194762
2014-10-10,143.25,143.79,138.4,140.16,1731980
2014-10-13,140.1,141.7,137.85,138.42,1355788
2014-10-14,139.62,141.23,137.6,138.65,1679325
2014-10-15,137.02,140.7,136.75,139.61,1658396
2014-10-16,137.14,139.48,135.9,137.98,1771746
2014-10-17,138.82,139.43,135.36,137.71,1531082
2014-10-20,137.62,143.9,136.0,143.03,1872397
2014-10-21,142.99,145.11,141.88,144.64,1340261
2014-10-22,145.29,147.85,144.02,145.12,1589711
2014-10-23,146.01,146.64,142.94,144.0,1409765
2014-10-24,143.98,145.54,143.43,145.24,1367558
2014-10-27,145.14,145.73,142.55,143.28,1142339
2014-10-28,143.51,148.11,143.31,146.66,1924778
2014-10-29,146.68,147.9,146.13,147.87,889614
2014-10-30,147.18,150.62,146.44,149.98,1061666
2014-10-31,152.73,155.09,151.14,151.75,2166969
2014-11-03,152.15,153.3,151.33,151.9,1532458
2014-11-04,151.86,152.94,151.0,152.11,1352311
2014-11-05,153.73,153.9,149.75,150.46,1860023
2014-11-06,150.25,153.61,150.22,153.06,1198098
2014-11-07,153.55,153.85,150.72,152.9,972669
2014-11-10,153.48,156.51,152.22,155.37,1263580
2014-11-11,155.58,156.24,153.51,154.69,807092
2014-11-12,153.8,154.94,151.27,152.73,1283542
2014-11-13,153.44,154.24,151.67,153.91,1439716
2014-11-14,155.0,156.92,153.92,154.27,1640592
2014-11-17,154.2,155.23,152.89,154.5,1232565
2014-11-18,154.82,158.87,154.74,157.1,1303452
2014-11-19,157.21,157.74,153.5,153.95,2671302
2014-11-20,150.4,150.57,139.5,142.5,10191572
2014-11-21,144.47,144.47,137.53,140.37,4384013
2014-11-24,140.28,140.58,137.52,138.39,2155432
2014-11-25,138.19,141.92,138.16,139.93,2149973
2014-11-26,140.87,144.25,140.66,142.05,1334759
2014-11-28,142.76,143.5,141.51,142.14,740799
2014-12-01,141.39,142.75,138.41,139.01,1457476
2014-12-02,139.21,140.25,135.57,137.84,1957714
2014-12-03,137.73,138.24,135.16,135.91,1452233
2014-12-04,136.17,136.25,133.65,134.38,1683165
2014-12-05,134.07,136.45,133.91,134.21,1254993
2014-12-08,133.76,134.47,130.33,131.7,1796005
2014-12-09,130.26,133.66,129.36,132.99,1645054
2014-12-10,133.09,141.69,133.02,138.24,3328347
2014-12-11,138.27,141.34,137.66,139.69,1437315
2014-12-12,138.39,140.26,136.26,136.28,1246556
2014-12-15,136.56,136.7,133.88,134.45,990040
2014-12-16,134.35,138.9,133.87,135.1,1626788
2014-12-17,135.12,137.08,133.35,136.65,1225750
2014-12-18,138.03,138.98,135.9,137.61,1204316
2014-12-19,137.78,138.63,136.24,137.17,1891399
2014-12-22,137.64,140.64,137.56,139.78,1015706
2014-12-23,135.19,137.99,134.4,136.55,1643822
2014-12-24,136.88,138.54,136.55,137.65,529102
2014-12-26,137.7,138.84,137.36,137.43,747901
2014-12-29,137.61,138.27,135.67,136.51,1163377
2014-12-30,135.74,136.12,132.24,133.4,1608936
2014-12-31,133.45,134.83,132.32,132.4,1074926
2015-01-02,132.81,134.66,130.85,131.97,1015808
2015-01-05,131.21,131.92,129.24,129.72,1103065
2015-01-06,129.81,130.1,126.54,127.19,2291137
2015-01-07,130.53,135.35,130.53,133.02,1819718
2015-01-08,135.0,137.32,134.31,136.49,2326371
2015-01-09,138.12,139.74,137.65,137.72,1565502
2015-01-12,137.81,138.0,133.8,133.91,1389432
2015-01-13,135.45,135.54,130.19,131.11,1638857
2015-01-14,130.37,131.73,128.71,129.41,1313269
2015-01-15,129.58,130.33,127.02,127.37,1744812
2015-01-16,127.41,129.0,127.41,129.0,1661561
2015-01-20,129.41,132.32,128.85,131.84,1055955
2015-01-21,131.17,135.21,130.65,134.79,1405604
2015-01-22,134.9,135.47,132.0,134.7,1792495
2015-01-23,134.48,136.35,130.4,131.08,1916651
2015-01-26,131.14,133.76,129.02,131.64,2254502
2015-01-27,130.03,130.69,127.45,128.72,1690271
2015-01-28,128.45,129.75,126.41,126.9,1398714
2015-01-29,126.83,128.04,125.03,127.98,1522073
2015-01-30,125.44,126.36,121.4,122.56,2499532
2015-02-02,121.64,124.86,120.1,124.82,2290783
2015-02-03,126.9,127.12,123.75,126.09,2201652
2015-02-04,126.71,126.71,121.01,121.2,6190272
2015-02-05,110.01,118.1,109.06,115.3,10099723
2015-02-06,115.21,118.92,112.95,118.9,3650592
2015-02-09,118.05,118.5,116.4,116.72,2107489
2015-02-10,116.88,118.19,114.92,117.9,1986137
2015-02-11,117.51,119.76,117.25,119.45,1382924
2015-02-12,119.69,119.71,117.83,117.97,1239465
2015-02-13,117.81,119.06,116.57,118.53,2856728
2015-02-17,118.45,118.59,117.36,117.93,1168203
2015-02-18,117.76,118.52,117.51,118.2,918468
2015-02-19,118.88,120.59,117.84,120.28,1367930
2015-02-20,120.59,123.5,118.9,122.87,2215768
2015-02-23,123.27,124.8,122.53,124.72,1421426
2015-02-24,124.03,125.56,122.87,125.39,1500679
2015-02-25,125.55,125.55,123.64,124.1,1108228
2015-02-26,123.81,124.97,123.23,124.89,991944
2015-02-27,125.2,127.86,125.04,127.58,1489150
2015-03-02,127.9,131.09,126.5,130.86,1852564
2015-03-03,129.91,130.83,129.17,130.17,1239286
2015-03-04,129.95,130.21,127.46,128.59,1204339
2015-03-05,129.32,129.7,127.82,129.05,784253
2015-03-06,128.64,129.57,125.41,126.24,1485793
2015-03-09,126.42,126.54,124.62,126.24,1043698
2015-03-10,125.23,125.9,123.83,124.97,1113782
2015-03-11,124.9,127.98,123.87,124.62,1343434
2015-03-12,125.42,127.76,125.32,126.48,1120901
2015-03-13,125.64,126.77,122.84,124.69,1254290
2015-03-16,125.32,125.97,123.94,125.46,1256489
2015-03-17,124.8,125.36,123.38,124.51,2216566
2015-03-18,123.5,124.16,119.94,123.55,2396876
2015-03-19,122.91,123.14,121.01,122.37,1296881
2015-03-20,123.26,123.45,121.05,122.95,2080937
2015-03-23,122.72,124.0,122.43,122.52,716952
2015-03-24,122.36,126.0,122.19,123.88,1290496
2015-03-25,122.93,122.93,117.7,117.7,2243686
2015-03-26,117.2,117.36,113.09,113.54,2968731
2015-03-27,113.41,115.08,113.03,113.2,2460983
2015-03-30,114.12,114.53,111.31,113.96,2403425
2015-03-31,113.09,113.74,111.68,111.73,2498648
2015-04-01,111.5,112.7,110.84,112.65,1172295
2015-04-02,112.49,114.58,112.49,114.13,1055650
2015-04-06,112.51,115.55,112.5,115.25,1660707
2015-04-07,115.3,116.12,114.57,114.73,801789
2015-04-08,114.65,118.21,114.65,117.67,1312627
2015-04-09,117.95,119.48,117.37,118.44,754393
2015-04-10,118.84,119.55,116.11,116.54,748158
2015-04-13,116.13,117.63,116.13,116.39,757659
2015-04-14,116.39,117.23,114.48,115.18,1604209
2015-04-15,115.85,117.25,115.25,116.14,1264640
2015-04-16,115.84,116.17,114.26,114.36,874134
2015-04-17,113.33,114.14,112.15,112.8,1348806
2015-04-20,113.68,114.67,112.79,113.12,973239
2015-04-21,113.82,114.0,111.2,112.26,1106366
2015-04-22,112.93,114.67,112.07,114.53,1202768
2015-04-23,113.74,114.33,112.65,113.55,1036943
2015-04-24,114.48,115.65,113.75,115.05,824409
2015-04-27,115.2,116.18,114.54,115.46,930679
2015-04-28,115.42,116.85,115.12,115.49,851411
2015-04-29,114.76,115.1,113.15,114.22,1422313
2015-04-30,114.13,117.82,113.93,116.37,1874274
2015-05-01,116.6,117.84,115.56,116.23,1592037
2015-05-04,116.03,116.03,110.91,111.62,3128904
2015-05-05,111.6,112.53,109.76,110.0,1795484
2015-05-06,110.86,111.7,107.55,108.08,4492643
2015-05-07,95.45,100.91,95.02,98.16,9193824
2015-05-08,98.65,101.99,98.52,101.48,3330536
2015-05-11,101.6,103.38,100.85,100.87,2560744
2015-05-12,101.0,101.13,99.36,100.26,1725788
2015-05-13,100.76,102.6,100.66,102.13,2405064
2015-05-14,102.66,104.81,102.66,103.08,2524723
2015-05-15,96.5,96.8,93.33,94.26,9933425
2015-05-18,94.0,94.1,89.89,90.42,6761196
2015-05-19,90.58,90.87,88.6,89.02,3733141
2015-05-20,88.43,90.35,88.01,89.53,4233351
2015-05-21,89.76,91.54,89.56,90.99,2594955
2015-05-22,91.12,91.35,90.6,90.76,1797127
2015-05-26,90.29,90.48,89.21,89.86,1775651
2015-05-27,89.8,90.12,88.39,88.67,1931148
2015-05-28,88.74,89.13,87.89,88.22,1639283
2015-05-29,88.34,88.39,86.19,86.24,2520145
2015-06-01,86.77,86.77,85.12,86.23,1899426
2015-06-02,86.06,86.56,85.33,85.34,1776646
2015-06-03,85.82,85.82,84.2,84.36,2505611
2015-06-04,83.99,84.41,82.42,83.39,2846964
2015-06-05,83.6,87.12,83.53,85.93,3492079
2015-06-08,86.02,86.77,84.25,85.67,1912248
2015-06-09,85.48,85.7,84.49,84.84,2932694
2015-06-10,85.01,85.11,84.13,84.17,1779383
2015-06-11,84.52,84.85,83.55,84.3,2038392
2015-06-12,82.35,84.43,80.83,83.83,2911897
2015-06-15,83.48,85.0,82.78,84.81,1989319
2015-06-16,84.89,84.99,83.45,83.53,2137617
2015-06-17,83.71,84.68,83.03,83.84,1007795
2015-06-18,83.81,85.04,83.42,83.57,1281017
2015-06-19,83.49,84.73,82.65,83.2,3255830
2015-06-22,83.48,83.72,82.27,82.42,1603026
2015-06-23,82.42,83.77,82.2,83.43,1320752
2015-06-24,83.63,83.79,80.93,81.18,1816123
2015-06-25,80.93,81.18,78.03,78.3,2808164
2015-06-26,77.94,78.63,77.53,77.96,2478701
2015-06-29,77.08,77.89,75.56,75.64,1537400
2015-06-30,76.5,76.77,75.32,76.63,2545950
2015-07-01,77.01,77.09,74.41,74.7,1968214
2015-07-02,74.48,75.41,73.83,74.33,1919550
2015-07-06,73.54,73.74,71.44,71.77,2129284
2015-07-07,71.76,72.34,70.51,72.06,2339058
2015-07-08,71.72,72.47,70.71,70.88,1368687
2015-07-09,71.57,72.5,70.63,70.67,1666339
2015-07-10,71.78,71.78,70.14,70.24,1084413
2015-07-13,70.35,70.64,69.58,70.36,1558732
2015-07-14,69.53,70.65,69.44,69.97,1208520
2015-07-15,69.58,70.83,68.72,68.84,1629536
2015-07-16,69.22,71.25,69.2,70.42,1778758
2015-07-17,70.59,70.74,69.26,69.65,1097964
2015-07-20,69.7,71.7,69.35,71.04,1625976
2015-07-21,70.3,71.63,70.14,70.99,1124787
2015-07-22,70.95,72.36,70.55,71.92,1929635
2015-07-23,72.19,72.19,71.02,71.32,1034361
2015-07-24,71.05,71.16,69.26,69.41,1154080
2015-07-27,69.5,72.35,68.78,71.36,1935205
2015-07-28,71.69,72.18,70.52,71.8,1107170
2015-07-29,74.46,76.49,73.76,74.76,2632706
2015-07-30,74.45,74.72,72.91,74.21,1318236
2015-07-31,74.32,75.25,73.73,75.04,1659628
2015-08-03,75.44,76.72,75.05,75.47,2206481
2015-08-04,75.62,77.04,75.49,76.59,1792653
2015-08-05,76.96,77.39,74.79,74.98,4338725
2015-08-06,53.92,55.77,52.4,52.67,18050134
2015-08-07,53.21,54.33,52.96,53.43,5161881
2015-08-10,54.05,55.35,53.68,54.61,3303985
2015-08-11,54.58,54.58,52.13,52.96,3190999
2015-08-12,52.75,53.28,52.19,52.89,2190318
2015-08-13,52.59,52.65,49.13,50.28,5515673
2015-08-14,50.04,50.9,49.93,50.6,2110784
2015-08-17,50.5,51.0,50.2,50.94,1612902
2015-08-18,51.07,51.25,50.15,50.24,1698298
2015-08-19,50.23,50.4,49.01,49.46,2685612
2015-08-20,48.89,51.05,48.8,50.4,2790827
2015-08-21,49.85,50.78,49.81,50.14,3086913
2015-08-24,46.62,51.74,45.25,51.3,5901523
2015-08-25,52.05,52.53,51.32,51.96,4052638
2015-08-26,52.71,52.73,50.69,52.56,3381693
2015-08-27,53.0,54.61,52.62,53.99,2552444
2015-08-28,53.5,54.46,53.5,54.11,1371872
2015-08-31,53.59,57.25,53.51,56.6,3299786
2015-09-01,55.33,56.5,54.69,55.1,2746658
2015-09-02,55.77,56.62,55.13,56.56,2423295
2015-09-03,57.48,58.24,56.27,57.43,2940957
2015-09-04,56.56,58.79,56.54,58.38,2712220
2015-09-08,58.38,59.07,56.94,58.54,3142351
2015-09-09,58.89,59.86,58.01,58.59,3239990
2015-09-10,58.5,61.2,57.41,60.89,4424465
2015-09-11,60.98,61.21,60.04,60.9,3759820
2015-09-14,60.77,60.98,58.8,59.35,4000685
2015-09-15,59.51,59.69,57.57,58.13,2604995
2015-09-16,58.35,60.3,58.11,60.15,2630833
2015-09-17,60.26,60.28,57.02,57.19,3246227
2015-09-18,56.64,57.08,55.27,56.74,3824198
2015-09-21,56.82,57.77,56.69,57.0,1403151
2015-09-22,56.28,56.99,55.57,56.7,1873319
2015-09-23,56.7,56.81,54.76,55.07,1642258
2015-09-24,54.84,55.48,54.23,55.17,1673107
2015-09-25,54.66,55.93,54.55,55.52,1333164
2015-09-28,55.42,55.75,52.9,53.19,1398015
2015-09-29,53.62,54.7,52.74,53.71,2528667
2015-09-30,54.14,54.72,51.71,52.14,2059283
2015-10-01,52.06,52.62,50.42,52.05,2987930
2015-10-02,50.46,53.78,49.51,53.65,2577428
2015-10-05,54.22,55.14,54.11,54.65,2121203
2015-10-06,54.58,55.71,54.44,55.23,2272344
2015-10-07,55.64,57.58,55.51,56.18,2416053
2015-10-08,55.99,58.21,55.78,57.86,2598142
2015-10-09,57.72,58.2,57.12,57.55,1972832
2015-10-12,57.52,57.98,54.8,55.03,2105915
2015-10-13,54.98,56.8,54.44,54.97,2498062
2015-10-14,55.34,55.34,53.78,54.17,2255422
2015-10-15,54.3,54.69,52.28,52.77,2250371
2015-10-16,53.19,53.21,50.55,50.8,3062330
2015-10-19,50.84,53.21,50.0,53.1,3056533
2015-10-20,53.05,54.07,52.68,52.94,1665465
2015-10-21,52.96,55.34,52.96,54.61,2188620
2015-10-22,54.63,55.22,53.46,54.06,1791436
2015-10-23,54.3,55.87,53.89,55.01,2493799
2015-10-26,55.04,55.33,53.06,53.24,1409805
2015-10-27,53.02,53.62,51.1,51.58,2107051
2015-10-28,51.77,54.01,51.68,52.91,2292756
2015-10-29,52.57,53.05,51.05,51.72,1913087
2015-10-30,51.74,52.16,50.59,50.75,2482851
2015-11-02,50.54,51.83,50.25,51.61,2410210
2015-11-03,51.6,54.96,51.6,54.84,4429128
2015-11-04,51.96,55.04,50.81,50.87,3079275
2015-11-05,51.56,52.94,51.27,52.58,1427295
2015-11-06,52.07,52.69,51.32,52.68,1484939
2015-11-09,52.6,53.24,51.93,52.38,2141836
2015-11-10,52.16,52.42,49.55,50.04,3026951
2015-11-11,48.52,48.85,46.06,46.24,5065545
2015-11-12,46.0,46.76,45.32,45.41,2618499
2015-11-13,45.14,45.3,43.29,43.51,3406774
2015-11-16,43.38,44.52,42.76,44.49,3947884
2015-11-17,43.85,44.24,40.04,40.13,6012100
2015-11-18,40.31,41.35,39.8,40.5,6397825
2015-11-19,47.77,51.72,46.36,47.88,20083955
2015-11-20,48.53,49.0,46.4,47.44,5575590
2015-11-23,47.69,47.97,45.55,45.72,4728319
2015-11-24,45.68,48.97,45.56,48.85,4091706
2015-11-25,49.42,53.45,49.32,52.76,6836021
2015-11-27,52.89,53.05,50.51,50.84,2470684
2015-11-30,51.1,53.69,50.65,52.4,5812622
2015-12-01,53.31,53.41,51.22,52.98,5285195
2015-12-02,52.76,53.95,52.13,52.46,3019025
2015-12-03,52.46,54.5,51.56,54.3,4971130
2015-12-04,54.22,54.29,51.52,51.7,3784538
2015-12-07,90.03,90.17,88.85,88.89,41371126
2015-12-08,89.14,90.03,89.0,89.65,12074400
2015-12-09,89.31,89.84,89.3,89.5,7095524
2015-12-10,89.51,89.88,89.4,89.45,6310049
2015-12-11,89.3,89.48,88.89,88.96,6009591
2015-12-14,89.0,89.49,88.82,89.27,6140691
2015-12-15,89.17,89.45,88.96,89.11,4309842
2015-12-16,89.11,89.33,89.0,89.22,4898799
2015-12-17,89.16,89.28,88.75,88.87,5674899
2015-12-18,88.78,89.1,87.84,88.25,11529591
2015-12-21,88.65,89.09,88.51,88.75,2753232
2015-12-22,88.93,89.7,88.82,89.48,1818504
2015-12-23,89.43,89.79,89.38,89.73,2549103
2015-12-24,89.75,90.17,89.7,89.88,977212
2015-12-28,89.8,89.93,89.59,89.9,1602278
2015-12-29,89.88,90.32,89.83,90.21,1041618
2015-12-30,90.06,90.2,90.01,90.11,1284835
2015-12-31,90.02,90.38,89.9,89.98,1681576
2016-01-04,89.6,90.24,89.54,90.08,2741353
2016-01-05,89.92,90.15,89.77,89.9,2889783
2016-01-06,89.75,90.3,89.66,90.28,2774604
2016-01-07,89.94,90.34,89.93,90.15,3121500
2016-01-08,90.19,90.37,90.1,90.29,2548190
2016-01-11,90.25,90.34,90.1,90.21,2294947
2016-01-12,90.2,90.46,90.0,90.42,4829437
2016-01-13,90.51,90.6,90.07,90.11,5334344
2016-01-14,90.16,90.37,90.01,90.11,5743470
2016-01-15,90.0,90.27,89.91,90.02,3102797
2016-01-19,90.1,90.26,89.63,89.83,5594546
2016-01-20,89.71,89.8,89.12,89.77,3403713
2016-01-21,89.76,89.81,89.0,89.43,3446049
2016-01-22,89.45,89.51,88.9,89.15,3086958
2016-01-25,89.13,89.33,88.88,88.91,2326986
2016-01-26,89.18,89.53,89.04,89.48,2831121
2016-01-27,89.3,89.63,89.21,89.3,2653204
2016-01-28,89.3,89.46,89.03,89.09,4009229
2016-01-29,89.15,89.28,89.05,89.25,3320858
2016-02-01,89.25,89.72,89.15,89.54,5049011
2016-02-02,89.6,89.88,89.5,89.71,3302890
2016-02-03,89.78,90.0,89.65,89.68,3277708
2016-02-04,89.56,89.84,89.48,89.53,4127763
2016-02-05,89.6,89.82,89.45,89.52,3578239
2016-02-08,89.4,89.61,88.99,89.12,3003867
2016-02-09,88.87,89.51,88.87,89.49,1755223
2016-02-10,89.66,90.53,89.6,89.98,2843407
2016-02-11,89.88,90.14,89.8,89.86,2218651
2016-02-12,90.14,90.19,89.96,90.05,2223350
2016-02-16,90.1,90.51,90.1,90.46,2487282
2016-02-17,90.35,90.62,90.27,90.4,3148471
2016-02-18,90.5,90.7,90.49,90.58,3928525
2016-02-19,91.54,91.6,91.48,91.52,13005297
2016-02-22,91.55,91.67,91.54,91.61,3776474
2016-02-23,91.62,91.68,91.62,91.64,3534545
2016-02-24,91.64,91.91,91.61,91.89,2763488
2016-02-25,91.81,91.84,91.72,91.8,2039098
2016-02-26,91.92,91.95,91.92,91.95,2757017
2016-02-29,91.94,91.96,91.9,91.94,2988320
2016-03-01,91.94,91.96,91.89,91.95,1965318
2016-03-02,91.94,91.95,91.2,91.67,8377452
